{
	"page": "3",
	"total": "next",
	"post": [
		{	
			"avatar": "http://bit.ly/ABIEMPP",
			"judul": "JUVE - ADP10",
			"changelog": "Update Base v3.3.1.24",
			"fitur": "Full Display Picture (DP No Crop)\nTab Layout Position\nBlock Read Status\nHide Fab New Chat\nNo Ads",
			"base": "v3.3.1.24",
			"modder": "Abiem Prasetya",
			"clone": "https://drive.google.com/uc?export=download&id=0BwcYlng030ANVEFQVlR3dmJxbHc",
			"unclone": "https://drive.google.com/uc?export=download&id=0BwcYlng030ANMEVxT1BJdXRaZzg",
			"img": "https://scontent.fcgk6-1.fna.fbcdn.net/v/t1.0-9/17343003_1480284878662323_3563950900332488970_n.jpg?oh=5c5dda068c72a6080dedd06c46f58c3c&oe=596C0EFC"
		},
		{	
			"avatar": "http://bit.ly/BAYUPP",	
			"judul": "B-IOS",
			"changelog": "Update Base v3.3.1.24",
			"fitur": "Show/hide FBUI\nFull Display Picture (DP No Crop)\nFlexible Rounded DP\nHide Inbox Notification\nAutotext aka Bom PING\nSave Timed Message Picture\nTab Layout Position\nBlock Read Status\nHide Fab New Chat\nNo Ads",
			"base": "v3.3.1.24",
			"modder": "Bayu Parwata",
			"clone": "null",
			"unclone": "https://drive.google.com/uc?export=download&id=0B-TmdSdOG0h6UV94QThwOEp3WWs",
			"img": "https://4.bp.blogspot.com/-HVwISSkZhmY/WLp8aFQttOI/AAAAAAAABmE/W6hNtxEaZPIqsfuz9yx5w6kOCUdBAzsuwCLcB/s320/B-IOS.jpg"
		},
		{
			"avatar": "http://bit.ly/AAHPP",
			"judul": "DARK NAVY",
			"changelog": "Update Base v3.3.1.24\nHide Ads\nFull DP\nBlockRead\nMaintab Option\nBombPing\nLock Mode\nPrivate Mode\nRunning PM\nGrid Contact\nAutomatic Lock",
			"fitur": "Hide Ads\nFull DP\nBlockRead\nMaintab Option\nBombPing\nLock Mode\nPrivate Mode\nRunning PM\nGrid Contact\nAutomatic Lock",
			"base": "v3.3.1.24",
			"modder": "Andi Abdi Hadi",
			"clone": "https://drive.google.com/uc?export=download&id=0B-TmdSdOG0h6dEtoamV5X1JITUU",
			"unclone": "https://drive.google.com/uc?export=download&id=0B-TmdSdOG0h6TDZHYUJ6bmlQajQ",
			"img": "https://2.bp.blogspot.com/-_7LDpeKJbIA/WMdDePN-vbI/AAAAAAAABzg/ahOFGmRbDMEq4KuuzyyCXgNo6nZZ6D_UwCLcB/s640/1.jpg"
		},
		{
			"avatar": "http://bit.ly/AAHPP",
			"judul": "BLACK",
			"changelog": "Update Base v3.3.1.24",
			"fitur": "Full dp\nBlockread\nAutotext\nMaintab position\nLock mode automatic\nHide ads",
			"base": "v3.3.1.24",
			"modder": "Andi Abdi Hadi",
			"clone": "null",
			"unclone": "https://drive.google.com/uc?export=download&id=0B-TmdSdOG0h6MVNrOHBOU1oyNEk",
			"img": "https://2.bp.blogspot.com/-9EBiuwrCcqc/WMZ8dRW8u0I/AAAAAAAABzI/hvgqvX79EbYwmZvEs8J6sHYtntuN194KgCLcB/s640/1.jpg"
		},
		{
			"avatar": "null",
			"judul": "DRAGONS STYLE",
			"changelog": "Update Base v3.3.1.24",
			"fitur": "Change Text Color\nFull Display Picture (DP No Crop)\nFlexible Rounded DP\nHide Inbox Notification\nAutotext aka Bom PING\nSave Timed Message Picture\nTab Layout Position\nBlock Read Status\nHide Fab New Chat\nNo Ads",
			"base": "v3.3.1.24",
			"modder": "Chilexs Karawang",
			"clone": "https://drive.google.com/uc?export=download&id=0B31Of_JOXWFaT2J0NFRoV0VqN0U",
			"unclone": "https://drive.google.com/uc?export=download&id=0B31Of_JOXWFaT2J0NFRoV0VqN0U",
			"img": "https://2.bp.blogspot.com/-8EiWn1ZQtcY/WMYZLXRNxMI/AAAAAAAAByk/t-yFkXwmTA83A_zBCXI2kDVSz6FRAUK6gCLcB/s640/2.jpg"
		},
		{
			"avatar": "null",
			"judul": "SAINT SAIYA",
			"changelog": "Update Base v3.3.1.24",
			"fitur": "Change Text Color\nFull Display Picture (DP No Crop)\nFlexible Rounded DP\nHide Inbox Notification\nAutotext aka Bom PING\nSave Timed Message Picture\nTab Layout Position\nBlock Read Status\nHide Fab New Chat\nNo Ads",
			"base": "v3.3.1.24",
			"modder": "Chilexs Karawang",
			"clone": "https://drive.google.com/uc?export=download&id=0B31Of_JOXWFaSmFNN3RXTTVSQTA",
			"unclone": "https://drive.google.com/uc?export=download&id=0B31Of_JOXWFaSmFNN3RXTTVSQTA",
			"img": "https://4.bp.blogspot.com/-buiIArOfkBo/WMYYyiIfeOI/AAAAAAAAByg/CSLy6pM4ELsGFONQ6XxxLQ8WCWJt8MT8gCLcB/s640/1.jpg"
		},
		{	
			"avatar": "null",
			"judul": "MI-JAPAN LANDMARK",
			"changelog": "Base v3.3.1.21",
			"fitur": "Full Display Picture (DP No Crop)\nBlock Read Status\nNo Ads\nLock Mode\nBom PING!!!",
			"base": "v3.3.1.21",
			"modder": "Hammi",
			"clone": "null",
			"unclone": "https://drive.google.com/uc?export=download&id=0B-TmdSdOG0h6ZDdkS01wSjJ5dmc",
			"img": "https://3.bp.blogspot.com/-SGoaPWLXRoA/WMYW8OkBDMI/AAAAAAAAByU/QMzii3SgzAEmss0SE6AFVs5Nqo-KpDfxACLcB/s640/3.jpg"
		},
		{	
			"avatar": "http://bit.ly/ABIEMPP",
			"judul": "JUVE - BLACK MORE",
			"changelog": "Update Base v3.3.1.24",
			"fitur": "Full Display Picture (DP No Crop)\nTab Layout Position\nBlock Read Status\nHide Fab New Chat\nNo Ads",
			"base": "v3.3.1.24",
			"modder": "Abiem Prasetya",
			"clone": "null",
			"unclone": "https://drive.google.com/uc?export=download&id=0B2MqNuvwpHU_R1FMbG5IaXUxbEE",
			"img": "https://2.bp.blogspot.com/-9tF0LwRuYhI/WMSz7cYPGNI/AAAAAAAABx8/0V50KS3dKKwBb2R5tfyLxc0z19gjNqbpwCLcB/s640/BKACKMORE.jpg"
		},
		{	
			"avatar": "null",
			"judul": "GIRL AND PUPPY",
			"changelog": "Base v3.1.0.13",
			"fitur": "Full Display Picture (DP No Crop)\nBlock Read Status\nNo Ads\nLock Mode\nBom PING!!!",
			"base": "v3.1.0.13",
			"modder": "Mumuku May",
			"clone": "https://drive.google.com/uc?export=download&id=0By8dLgqpTDnUMUxoaTljUkZCeVk",
			"unclone": "https://drive.google.com/uc?export=download&id=0B2sSHphZ5xbYS1lYb1otUjluTlU",
			"img": "https://3.bp.blogspot.com/-rQfsavx4C80/WCL8mmpQNWI/AAAAAAAABh0/99Zzb3HdBlQwt4mNm96tpCYsYuI0ezaxQCLcB/s640/DELTALABSITE-GNP.jpg"
		},
		{	
			"avatar": "http://bit.ly/ABIEMPP",
			"judul": "JUVE - DYBALAMASK",
			"changelog": "Update Base v3.3.1.24",
			"fitur": "Full Display Picture (DP No Crop)\nTab Layout Position\nBlock Read Status\nHide Fab New Chat\nNo Ads",
			"base": "v3.3.1.24",
			"modder": "Abiem Prasetya",
			"clone": "null",
			"unclone": "https://drive.google.com/uc?export=download&id=0B2MqNuvwpHU_LWp0aFJHcngzd0U",
			"img": "https://3.bp.blogspot.com/-gaoVyxpKOqM/WMIn_dPep5I/AAAAAAAABwU/gEHrP_g7S9kVdJMk7SJJ2gJlSObsDVKfwCLcB/s640/DYBALAMASK.jpg"
		},
		{
			"avatar": "http://bit.ly/AAHPP",
			"judul": "BASEMOD 3.3.1.24",
			"changelog": "Update Base v3.3.1.24",
			"fitur": "Full dp\nBlockread\nAutotext\nMaintab position\nLock mode automatic\nHide ads",
			"base": "v3.3.1.24",
			"modder": "Andi Abdi Hadi",
			"clone": "https://drive.google.com/uc?export=download&id=0B-TmdSdOG0h6TDlNSkQ5dWZOUHc",
			"unclone": "https://drive.google.com/uc?export=download&id=0B-TmdSdOG0h6Y0tTWkxRbUJBelU",
			"img": "https://3.bp.blogspot.com/-wN0TxgnsfbI/WMKhk9nBnaI/AAAAAAAABxc/lqxd0fJtLKQktoiHE5ZqJmt0DC3oDnShACLcB/s640/1.jpg"
		},
		{
			"avatar": "http://bit.ly/ANDRYPP",
			"judul": "CANDYLIGHT",
			"changelog": "Update Base v3.3.1.24",
			"fitur": "Full Display Picture (DP No Crop)\nFlexible Rounded DP\nAutotext aka Bom PING\nTab Layout Position\nBlock Read Status\nHide Fab New Chat\nNo Ads",
			"base": "v3.3.1.24",
			"modder": "Andry Gibh Q",
			"clone": "https://drive.google.com/uc?export=download&id=0B-TmdSdOG0h6RTc3Njl3WnNNM3c",
			"unclone": "https://drive.google.com/uc?export=download&id=0B-TmdSdOG0h6VjdURGRXcnhlSDA",
			"img": "https://4.bp.blogspot.com/-Nr7n5bVezL8/WMJR5PuPnLI/AAAAAAAABxE/vOn9PhvZFW0u63uzIVyoO_fK2F6n022mQCLcB/s640/2.jpg"
		},
		{	
			"avatar": "http://bit.ly/RIKRIR",	
			"judul": "MULTI BBM",
			"changelog": "BBM1 BBM2 BBM3 BBM4\nCorner Radius DP\nFull DP\nBlock Read\nFloating Action Button\nTop/Bottom MainTab\nBoom Ping \nAttentions Begal Anima Dap-Dip\netc",
			"fitur": "Original",
			"base": "v3.3.1.21",
			"modder": "Rikri Rikardo",
			"clone": "https://app.box.com/s/jw3yot4e88dntyv9zzm3gmi4ptovlkgb/1/21123107744",
			"unclone": "https://app.box.com/s/jw3yot4e88dntyv9zzm3gmi4ptovlkgb/1/21123107744",
			"img": "https://1.bp.blogspot.com/-aVQokm2RjRg/WMJL8N5rUbI/AAAAAAAABws/FpqiFR-KX4wSugXX3k0EH29nT6tf5rhxACLcB/s640/1.jpg"
		},
		{	
			"avatar": "http://bit.ly/ABIEMPP",
			"judul": "JUVE - DYBALAMASK",
			"changelog": "Update Base v3.3.1.21",
			"fitur": "Full Display Picture (DP No Crop)\nTab Layout Position\nBlock Read Status\nHide Fab New Chat\nNo Ads",
			"base": "v3.3.1.21",
			"modder": "Abiem Prasetya",
			"clone": "null",
			"unclone": "https://drive.google.com/uc?export=download&id=0B2MqNuvwpHU_Ri1GM2hJRnBPbVk",
			"img": "https://3.bp.blogspot.com/-gaoVyxpKOqM/WMIn_dPep5I/AAAAAAAABwU/gEHrP_g7S9kVdJMk7SJJ2gJlSObsDVKfwCLcB/s640/DYBALAMASK.jpg"
		},
		{
			"avatar": "http://bit.ly/RICHIEPP",
			"judul": "BASEMOD 3.3.1.24",
			"changelog": "Update Base v3.3.1.24",
			"fitur": "Full Display Picture (DP No Crop)\nFlexible Rounded DP\nAutotext aka Bom PING\nTab Layout Position\nBlock Read Status\nHide Fab New Chat\nNo Ads",
			"base": "v3.3.1.21",
			"modder": "Richie Evan II",
			"clone": "null",
			"unclone": "https://drive.google.com/uc?export=download&id=0B_GD8xnwy3wTVzhqRzZKVjBFLU0",
			"img": "https://goo.gl/photos/6KYzM5AiRhbKfQEy5"
		},
		{
			"avatar": "http://bit.ly/ANDRYPP",
			"judul": "CANDYLIGHT",
			"changelog": "Update Base v3.3.1.21",
			"fitur": "Full Display Picture (DP No Crop)\nFlexible Rounded DP\nAutotext aka Bom PING\nTab Layout Position\nBlock Read Status\nHide Fab New Chat\nNo Ads",
			"base": "v3.3.1.21",
			"modder": "Andry Gibh Q",
			"clone": "https://drive.google.com/uc?export=download&id=0B-TmdSdOG0h6MXRfR2xzTUdDcXc",
			"unclone": "https://drive.google.com/uc?export=download&id=0B-TmdSdOG0h6SDU2aEx5cnlLRkE",
			"img": "https://3.bp.blogspot.com/-KLc6Pg376vc/WMIbkh1uflI/AAAAAAAABvw/RRZrZQisO7gQcAQDpRGUaBHI5VUwNhUjACLcB/s640/CANDYL.jpg"
		},
		{	
			"avatar": "http://bit.ly/RIKRIR",	
			"judul": "MULTI BBM",
			"changelog": "BBM1 BBM2 BBM3 BBM4\nCorner Radius DP\nFull DP\nBlock Read\nFloating Action Button\nTop/Bottom MainTab\nBoom Ping \nAttentions Begal Anima Dap-Dip\netc",
			"fitur": "Original",
			"base": "v3.3.1.21",
			"modder": "Rikri Rikardo",
			"clone": "https://www.mediafire.com/folder/zdot4c5yvv6iy/Multi_BBM_Versi_3.3.1.21",
			"unclone": "https://www.mediafire.com/folder/zdot4c5yvv6iy/Multi_BBM_Versi_3.3.1.21",
			"img": "https://1.bp.blogspot.com/-lviT5mnzOoY/WMDLwm-P06I/AAAAAAAABpA/GOt9PjdhhCQd4gRFQknGEukC_aNS9Y1LwCLcB/s640/3.jpg"
		},
		{
			"avatar": "http://bit.ly/AZHARR",
			"judul": "MI-CLOUD",
			"changelog": "Update Base v3.3.1.21\nAdd New Change Animation\nOn/Off Full DP\nOn/Off Big DP on drawer\nDual Mode Profile\nBlock Read Status\nHide/Show Floating Action Button\nPrivate Mode\nTop/Bottom Main Tab\nAutotext a.k.a BOM PING!!!\nAnd many more..",
			"fitur": "Add New Change Animation\nOn/Off Full DP\nOn/Off Big DP on drawer\nDual Mode Profile\nBlock Read Status\nHide/Show Floating Action Button\nPrivate Mode\nTop/Bottom Main Tab\nAutotext a.k.a BOM PING!!!\nAnd many more..",
			"base": "v3.3.1.21",
			"modder": "Azhar Rivaldi",
			"clone": "null",
			"unclone": "https://drive.google.com/uc?export=download&id=0B9gWXjy6JYVocEs4aDB2c1hYUDg",
			"img": "https://2.bp.blogspot.com/-gfW_6qBS0OM/WMDKSiTQVII/AAAAAAAABo0/hBkMShXR8yEAVKkQJr2JcK4yq4I1Uvb9gCLcB/s640/1.jpg"
		},
		{
			"avatar": "http://bit.ly/AAHPP",
			"judul": "DARK NAVY",
			"changelog": "Update Base v3.3.1.21",
			"fitur": "On/Off Block Read Status\nOn/Off Full Display Picture\nUp/Bottom Main Tab Bar\nShow/Hide Floating Action Button",
			"base": "v3.3.1.21",
			"modder": "Andi Abdi Hadi",
			"clone": "http://www3.zippyshare.com/d/pSZUzG1z/936304/darkNAVY%203.3.1.21%20CLONE.apk",
			"unclone": "http://www3.zippyshare.com/d/BRBzi55e/490712/darkNAVY%203.3.1.21%20UNCLONE.apk",
			"img": "https://2.bp.blogspot.com/-2A_qD56UrfM/WMANS0fq7TI/AAAAAAAABoI/MRMWr8IR-wgOJIea6SJR9f1e8YOxAj7aQCLcB/s640/1.jpg"
		},
		{
			"avatar": "http://bit.ly/PITOYPP",
			"judul": "I-CHAT LINE",
			"changelog": "Update Base v3.3.1.21\nOn/Off Block Read Status\nOn/Off Full Display Picture\nUp/Bottom Main Tab Bar\nShow/Hide Floating Action Button",
			"fitur": "On/Off Block Read Status\nOn/Off Full Display Picture\nUp/Bottom Main Tab Bar\nShow/Hide Floating Action Button",
			"base": "v3.3.1.21",
			"modder": "Pitoy Cana",
			"clone": "null",
			"unclone": "https://drive.google.com/uc?export=download&id=0B13EAXGNVeQcMklvYWhjdlVkRm8",
			"img": "https://2.bp.blogspot.com/-Ip2xBHuQoKo/WMALBJB5ypI/AAAAAAAABn8/_rTxEsURjC8QMsTcJhlrHJ4NcYYCgo1wQCEw/s640/2.jpg"
		},
		{
			"avatar": "http://bit.ly/PITOYPP",
			"judul": "I-CHAT BLACK",
			"changelog": "Update Base v3.3.1.21\nOn/Off Block Read Status\nOn/Off Full Display Picture\nUp/Bottom Main Tab Bar\nShow/Hide Floating Action Button",
			"fitur": "On/Off Block Read Status\nOn/Off Full Display Picture\nUp/Bottom Main Tab Bar\nShow/Hide Floating Action Button",
			"base": "v3.3.1.21",
			"modder": "Pitoy Cana",
			"clone": "null",
			"unclone": "https://drive.google.com/uc?export=download&id=0B13EAXGNVeQcenlrVTFHWVNhbEk",
			"img": "https://3.bp.blogspot.com/-bXUmvX24BZ8/WMAK_D1qujI/AAAAAAAABn4/qp_qMcn9nh0XuqQJ-3Ckh88hGydRpzOWQCLcB/s640/1.jpg"
		},
		{
			"avatar": "http://bit.ly/RIDWANPP",
			"judul": "WRITING PAPER",
			"changelog": "Update Base v3.3.1.21",
			"fitur": "Full Display Picture (DP No Crop)\nAutotext aka Bom PING\nTab Layout Position\nBlock Read Status\nHide Fab New Chat\nNo Ads",
			"base": "v3.3.1.21",
			"modder": "Ridwan Arifin",
			"clone": "null",
			"unclone": "https://drive.google.com/uc?export=download&id=0B2rArut_h_dobEpibnA0eTBmU2M",
			"img": "https://3.bp.blogspot.com/-b-CkJnGppng/WL-NJsvjbAI/AAAAAAAABng/fsQ5vsZFbrYfWLM2Oui4ff7qXw7R6IDmACLcB/s640/PAPER.jpg"
		},
		{
			"avatar": "http://bit.ly/AAHPP",
			"judul": "BASE v3.3.1.21",
			"changelog": "New ui bbm\nFix version from beta version\nFull dp\nBlokread\nAutotext\nMaintab menu position",
			"fitur": "Full dp\nBlokread\nAutotext\nMaintab menu position",
			"base": "v3.3.1.21",
			"modder": "Andi Abdi Hadi",
			"clone": "null",
			"unclone": "https://drive.google.com/uc?export=download&id=0B-TmdSdOG0h6bmJFLXk3akxzWjA",
			"img": "https://3.bp.blogspot.com/-LPjXJoF7dTs/WL-ArrCTOSI/AAAAAAAABnI/BNzak6z4_JUDBCkukXWL394DBSCbVAbswCLcB/s640/1.jpg"
		},
		{
			"avatar": "null",
			"judul": "MICKEY",
			"changelog": "Update Base v3.2.5.12",
			"fitur": "Full Display Picture (DP No Crop)\nFlexible Rounded DP\nHide Inbox Notification\nAutotext aka Bom PING\nSave Timed Message Picture\nTab Layout Position\nBlock Read Status\nHide Fab New Chat\nNo Ads",
			"base": "v3.2.5.12",
			"modder": "Hijrah Maya",
			"clone": "null",
			"unclone": "https://drive.google.com/uc?export=download&id=0B-TmdSdOG0h6NEExWUd2RUhYOEU",
			"img": "https://4.bp.blogspot.com/-CrLqYptqDY4/WLp5ikgKMdI/AAAAAAAABlg/ImLUTcX27ucKIPyyssRIJXLTT6dZMeAPgCLcB/s320/1.jpg"
		},
		{
			"avatar": "http://bit.ly/AZHARR",
			"judul": "SIMPLE MI BETA",
			"changelog": "New Interface Menu (Add New)\nPrivate Mode (Add New)\nLock Mode with Auto Lock\nInput Message Following Bubble Chat(Add New)",
			"fitur": "Full Display Picture (DP No Crop)\nFlexible Rounded DP\nHide Inbox Notification\nAutotext aka Bom PING\nSave Timed Message Picture\nTab Layout Position\nBlock Read Status\nHide Fab New Chat\nNo Ads",
			"base": "v300.3.1.38",
			"modder": "Azhar Rivaldi",
			"clone": "null",
			"unclone": "https://drive.google.com/uc?export=download&id=0B9gWXjy6JYVoN1gtSUd5QmNqQ0k",
			"img": "https://4.bp.blogspot.com/-ccdLEWJmhi0/WLpII8F7bpI/AAAAAAAABlI/NwcrZw0W3DMIo5a3ASvBqVSZprZazg9ogCLcB/s640/1.jpg"
		},
		{
			"avatar": "null",
			"judul": "BBKU TRANSPARENT",
			"changelog": "Update Base v3.3.0.16",
			"fitur": "Change Text Color\nFull Display Picture (DP No Crop)\nFlexible Rounded DP\nHide Inbox Notification\nAutotext aka Bom PING\nSave Timed Message Picture\nTab Layout Position\nBlock Read Status\nHide Fab New Chat\nNo Ads",
			"base": "v3.3.0.16",
			"modder": "Chilexs Karawang",
			"clone": "null",
			"unclone": "https://drive.google.com/uc?export=download&id=0B-TmdSdOG0h6dVBmaTgzVFhCa0k",
			"img": "https://3.bp.blogspot.com/-BeHvCucwD5g/WLovqblMQZI/AAAAAAAABko/qS8Qk8K4LKQk1zqX-agLT398uY5nTM1FgCLcB/s640/BBKU.jpg"
		},
		{
			"avatar": "http://bit.ly/PITOYPP",
			"judul": "ICHAT",
			"changelog": "Full Display Picture (DP No Crop)\nAutotext aka Bom PING\nTab Layout Position\nBlock Read Status\nHide Fab New Chat\nNo Ads",
			"fitur": "Full Display Picture (DP No Crop)\nAutotext aka Bom PING\nTab Layout Position\nBlock Read Status\nHide Fab New Chat\nNo Ads",
			"base": "v300.3.1.38",
			"modder": "Pitoy Cana",
			"clone": "null",
			"unclone": "https://drive.google.com/uc?export=download&id=0B-TmdSdOG0h6dFgwcHRXSlVBbEE",
			"img": "https://3.bp.blogspot.com/-9TkXZqj4k_o/WLote_mRTPI/AAAAAAAABkc/6UUy_lpekMkUcSPUImZABFO6YQr5_8WMgCLcB/s640/iCHAT.jpg"
		},
		{	
			"avatar": "http://bit.ly/FAHMIPP",
			"judul": "iMESSLITE v1.1.0",
			"changelog": "Change color scheme (20 Colors)",
			"fitur": "Change color scheme (20 Colors)\nAuto Change Display Picture\nFull Display Picture (DP No Crop)\nAutotext aka Bom PING\nSave Timed Message Picture\nTab Layout Position\nBlock Read Status\nHide Fab New Chat\nNo Ads",
			"base": "v3.3.0.16",
			"modder": "Nami Abdi Fahmy",
			"clone": "null",
			"unclone": "https://drive.google.com/uc?export=download&id=0B7XvbXW56l4Ycm9pbDZTS2RITEE",
			"img": "https://4.bp.blogspot.com/-ADsWUT6JxYY/WLp6AK6mZ3I/AAAAAAAABlk/yHztSrIH6oMjGh6BmqX6k_35FXWds52fgCLcB/s320/IMESLITE.jpg"
		},
		{
			"avatar": "http://bit.ly/RIDWANPP",
			"judul": "BARCA",
			"changelog": "Update Base v3.3.0.16",
			"fitur": "Full Display Picture (DP No Crop)\nFlexible Rounded DP\nHide Inbox Notification\nAutotext aka Bom PING\nSave Timed Message Picture\nTab Layout Position\nBlock Read Status\nHide Fab New Chat\nNo Ads",
			"base": "v3.3.0.16",
			"modder": "Ridwan Arifin",
			"clone": "null",
			"unclone": "https://drive.google.com/uc?export=download&id=0B-TmdSdOG0h6ejU5aHZjYXVHQ1U",
			"img": "https://2.bp.blogspot.com/-o2HdyrCY5Fs/WLmIMtWTIAI/AAAAAAAABj4/aCwrKs7in1UFxlY3woS2Vf5PiudlzQpYwCLcB/s640/BARCA.jpg"
		},
		{
			"avatar": "http://bit.ly/RIDWANPP",
			"judul": "GNR",
			"changelog": "Update Base v3.3.0.16",
			"fitur": "Full Display Picture (DP No Crop)\nFlexible Rounded DP\nHide Inbox Notification\nAutotext aka Bom PING\nSave Timed Message Picture\nTab Layout Position\nBlock Read Status\nHide Fab New Chat\nNo Ads",
			"base": "v3.3.0.16",
			"modder": "Ridwan Arifin",
			"clone": "null",
			"unclone": "https://drive.google.com/uc?export=download&id=0B-TmdSdOG0h6NGtSeG5uV1pXclE",
			"img": "https://4.bp.blogspot.com/-mtA08AAk5Po/WLmI11t9sQI/AAAAAAAABkE/scLXSXCSVoMk4EYkiP3q58xzXSVcBzDFgCLcB/s640/GNR.jpg"
		}
	]
}
