{
	"data": [
		{
			"avatar": "https://goo.gl/46bZWw",
			"judul": "DELIGHT v3.0.0",
			"changelog": "Base Beta v300.3.8.77, Add Custom Navigation Tab Icon Style, Block Writing Status",
			"fitur": "Color Scheme\nColoring System Bar (>Lolipop) with Light Status Bar (MIUI 8, Flime OS, Android M)\nCustom Navigation Tab Icon\nDP No Crop\nProfile with Custom Cover Image\nSave Timed Picture\nBlock Read Status\nBlock Write Status\nUnread Status View\nContact View (Grid and List)\nBig Drawer Display\nColoring, Position and Visibility Tab Layout\nChange Notification, Connected, No Service, PING and Chat Title Text\nChange Notification and Splat Icon\nBOM Text/PING\nAnd More..",
			"base": "Beta v300.3.8.77",
			"modder": "DELTALABS",			
			"clone": "https://bitbucket.org/deltalabs/delight/raw/0035af128c948fcc69ab9a034faeda285b543370/CLONE_DELIGHT_v3.0.0.apk",
			"unclone": "https://bitbucket.org/deltalabs/delight/raw/d2409e86da499b99e2aca4b5bf5a3a2b6e6a36b4/UNCLONE_DELIGHT_v3.0.0.apk",
			"img": "https://2.bp.blogspot.com/-fds8lIBMYoM/WbYb9UxanpI/AAAAAAAAAN8/yjBEevKYVJgXwLDt82IKLmK9CqurJXq7gCLcBGAs/s1600/DELIGHT%2Bv3.0.0.png"
		},
		{
			"avatar": "https://goo.gl/46bZWw",
			"judul": "DELTA v4.4.1",
			"changelog": "Fix Emoticon Input on Profile, Fix Status Bar Color on Android M, Facebook Navigation Icon",
			"fitur": "All Premium Features Available",
			"base": "v3.3.7.97",
			"modder": "DELTALABS",			
			"clone": "https://bitbucket.org/deltalabs/deltabbm/raw/3d1ce465cc95ce27b4d03c64906995866c2d4410/CLONE_DELTA_v4.4.1.apk",
			"unclone": "https://bitbucket.org/deltalabs/deltabbm/raw/3d1ce465cc95ce27b4d03c64906995866c2d4410/UNCLONE_DELTA_v4.4.1.apk",
			"img": "https://4.bp.blogspot.com/-n78HKc2cN40/WaaoAbECnTI/AAAAAAAAANY/Dgt6Xl_altAiwAyDsh86Z_amBXa9r4HOgCLcBGAs/s1600/DELTA%2BBBM%2Bv4.4.1.png"
		},
		{
			"avatar": "https://goo.gl/46bZWw",
			"judul": "DELTA v4.4.0",
			"changelog": "Update base v3.3.7.97, Background Theme (BBM Doodle, WhatsApp, Telegram, Dark Navy), Profile View, BOM Text aka PING",
			"fitur": "All Premium Features Available",
			"base": "v3.3.7.97",
			"modder": "DELTALABS",			
			"clone": "https://bitbucket.org/deltalabs/deltabbm/raw/066480cbc00964bac6ab664ae649dd9e286cfdc0/CLONE_DELTA_v4.4.0.apk",
			"unclone": "https://bitbucket.org/deltalabs/deltabbm/raw/066480cbc00964bac6ab664ae649dd9e286cfdc0/UNCLONE_DELTA_v4.4.0.apk",
			"img": "https://2.bp.blogspot.com/-bQghNf7bZMA/WZ8bfq8e3mI/AAAAAAAAAMk/4hvQI46Vtyo6WghQUV7RUUOo59TSQ172ACLcBGAs/s640/DELTABBM%2Bv4.4.0.png"
		},
		{
			"avatar": "https://goo.gl/46bZWw",
			"judul": "DELTA v4.3.1",
			"changelog": "On Off Grid or List Contact Layout\nCustom Color Badge View\nFix Sponsor Invite",
			"fitur": "All Premium Features Available",
			"base": "v3.3.2.31",
			"modder": "DELTALABS",
			"clone": "https://bitbucket.org/deltalabs/deltabbm/raw/6b64bca3d98c78cad3fa62e6670e25dcd57ed2fd/CLONE_DELTA_v4.3.1.apk",
			"unclone": "https://bitbucket.org/deltalabs/deltabbm/raw/6b64bca3d98c78cad3fa62e6670e25dcd57ed2fd/UNCLONE_DELTA_v4.3.1.apk",
			"img": "https://1.bp.blogspot.com/-roh8YP2Jf84/WQTRF6j6cGI/AAAAAAAAAGY/6Zv3x-7_69Uto8RJ47zFltAjvW7w3WYPwCLcB/s640/v4.3.1.png"
		},
		{
			"avatar": "https://goo.gl/46bZWw",
			"judul": "DELTA v4.3.0 CONTACT GRID",
			"changelog": "Update base v3.3.2.31\nIos Tab Icon\nColoring Tab Icon\nChat Filter Position",
			"fitur": "All Premium Features Available",
			"base": "v3.3.2.31",
			"modder": "DELTALABS",
			"clone": "https://bitbucket.org/deltalabs/deltabbm/raw/aefa19f7a5201ece2a4ef869a9c3bb528c349d3e/CLONE_DELTA_v4.3.0_GRID.apk",
			"unclone": "https://bitbucket.org/deltalabs/deltabbm/raw/b3195cdf709996adf69e74b92dbd785e8b162f20/UNCLONE_DELTA_v4.3.0_GRID.apk",
			"img": "https://3.bp.blogspot.com/-TtpghGjhOos/WPyUaoXpfnI/AAAAAAAAAEs/xKwV8ne5JGcSjnVLuoB0uDqgM7ThAIojQCLcB/s640/AFFIX_20170423_182354.png"
		},
		{
			"avatar": "https://goo.gl/46bZWw",
			"judul": "DELTA v4.3.0 CONTACT LIST",
			"changelog": "Update base v3.3.2.31\nIos Tab Icon\nColoring Tab Icon\nChat Filter Position",
			"fitur": "All Premium Features Available",
			"base": "v3.3.2.31",
			"modder": "DELTALABS",
			"clone": "https://bitbucket.org/deltalabs/deltabbm/raw/f8fd4c7c4929d62aaf4f882643d435386fea4324/CLONE_DELTA_v4.3.0.apk",
			"unclone": "https://bitbucket.org/deltalabs/deltabbm/raw/f8fd4c7c4929d62aaf4f882643d435386fea4324/UNCLONE_DELTA_v4.3.0.apk",
			"img": "https://3.bp.blogspot.com/-TtpghGjhOos/WPyUaoXpfnI/AAAAAAAAAEs/xKwV8ne5JGcSjnVLuoB0uDqgM7ThAIojQCLcB/s640/AFFIX_20170423_182354.png"
		},
		{
			"avatar": "https://goo.gl/46bZWw",
			"judul": "DELTA v4.2.1 CONTACT GRID",
			"changelog": "Contact Grid\nLock Mode\nFix Bug",
			"fitur": "All Premium Features Available",
			"base": "v3.3.1.24",
			"modder": "DELTALABS",
			"clone": "https://bitbucket.org/deltalabs/deltabbm/raw/986d774d5568a8915d549a9bb4ef6a6b968a8e41/CLONE_DELTA_v4.2.1_GRID.apk",
			"unclone": "https://bitbucket.org/deltalabs/deltabbm/raw/986d774d5568a8915d549a9bb4ef6a6b968a8e41/UNCLONE_DELTA_v4.2.1_GRID.apk",
			"img": "https://1.bp.blogspot.com/-14z_Sn2-3sY/WM5U24rAreI/AAAAAAAAB0Y/J0AH6cDkyDAsHKnSt-KUcGrV6D3gUzK_wCLcB/s640/DELTA%2BBBM%2Bv4.2.1.jpg"
		},
		{
			"avatar": "https://goo.gl/46bZWw",
			"judul": "DELTA v4.2.1 CONTACT LIST",
			"changelog": "Lock Mode\nFix Bug",
			"fitur": "All Premium Features Available",
			"base": "v3.3.1.24",
			"modder": "DELTALABS",
			"clone": "https://bitbucket.org/deltalabs/deltabbm/raw/6d515738abccb5c95eff59bb977db91d02781e44/CLONE_DELTA_v4.2.1.apk",
			"unclone": "https://bitbucket.org/deltalabs/deltabbm/raw/6d515738abccb5c95eff59bb977db91d02781e44/UNCLONE_DELTA_v4.2.1.apk",
			"img": "https://1.bp.blogspot.com/-14z_Sn2-3sY/WM5U24rAreI/AAAAAAAAB0Y/J0AH6cDkyDAsHKnSt-KUcGrV6D3gUzK_wCLcB/s640/DELTA%2BBBM%2Bv4.2.1.jpg"
		},
		{
			"avatar": "https://goo.gl/46bZWw",
			"judul": "DELTA v4.2.0",
			"changelog": "Update Base v3.3.1.24\nShow / Hide Chat Filter",
			"fitur": "All Premium Features Available",
			"base": "v3.3.1.24",
			"modder": "DELTALABS",
			"clone": "https://github.com/DeltalabsStudio/delta/raw/master/CLONE_DELTA_v4.2.0.apk",
			"unclone": "https://github.com/DeltalabsStudio/delta/raw/master/UNCLONE_DELTA_v4.2.0.apk",
			"img": "https://3.bp.blogspot.com/-TZQhOiDrGI8/WM1PRYHF9qI/AAAAAAAAAEE/iGYsilznD4EUj14ob0ln8KN7JYWH-WU_QCLcB/s640/DELTA%2BBBM%2Bv4.2.0.png"
		},
		{
			"avatar": "https://goo.gl/46bZWw",
			"judul": "DELTA v4.1.0a",
			"changelog": "Fix Private Conversation",
			"fitur": "All Premium Features Available",
			"base": "v3.2.5.12",
			"modder": "DELTALABS",
			"clone": "https://drive.google.com/uc?export=download&id=0B5kVVT1bqYHmRWtIaGJRbkk2M1E",
			"unclone": "https://bitbucket.org/tjatoer/bbm/raw/ab842a522bcc0e77a88a580a34f845308b847686/UNCLONE_DELTA_v4.1.0a.apk",
			"img": "https://2.bp.blogspot.com/-40K0bVAOEZY/WIDTqUoSjXI/AAAAAAAABtY/jG-IE70U8VI7cVDdN6AgTvNYt7XregrQgCLcB/s640/DELTA%2BBBM%2Bv4.1.0a.png"
		},
		{
			"avatar": "https://goo.gl/46bZWw",
			"judul": "DELTA v4.1.0",
			"changelog": "Update Base v3.2.5.12\nTop/Bottom AutoText aka Bom PING!!!",
			"fitur": "All Premium Features Available",
			"base": "v3.2.5.12",
			"modder": "DELTALABS",
			"clone": "https://drive.google.com/uc?export=download&id=0B5kVVT1bqYHmcFhha3NCVUlQSm8",
			"unclone": "https://drive.google.com/uc?export=download&id=0B5kVVT1bqYHmLUg4MjA3VkxEVEk",
			"img": "https://4.bp.blogspot.com/-ihxmsSo1pLQ/WHsUPkhgeLI/AAAAAAAABtA/Z08j1_NVAGwhZNiQUg29YT1GzqWwS3dqwCLcB/s640/DELTA%2BBBM%2Bv4.1.0.jpg"
		},
		{
			"avatar": "https://goo.gl/46bZWw",
			"judul": "DELTA v4.0.0a",
			"changelog": "Fix Lock Slider\nAdd Password for Hide Conversation",
			"fitur": "All Premium Features Available",
			"base": "v3.2.3.11",
			"modder": "DELTALABS",
			"clone": "https://goo.gl/IKA61B",
			"unclone": "https://goo.gl/fISnK6",
			"img": "https://3.bp.blogspot.com/-qBaUEvn6ABo/WHZb8f1BdXI/AAAAAAAABsg/SiYJ6l_aaMMjCLgC4yKTMfllcOrC4AW9QCLcB/s640/DELTA%2BBBM%2Bv4.0.0a.png"
		},
		{
			"avatar": "https://goo.gl/46bZWw",
			"judul": "DELTA v4.0.0",
			"changelog": "Update Base v3.2.3.11\nExpand view on conversation\nCustom style bbm input panel (Original, Delta, WhatsApp)\nNew lock ui with slide to unlock\nFix profile group",
			"fitur": "All Premium Features Available",
			"base": "v3.2.3.11",
			"modder": "DELTALABS",
			"clone": "https://goo.gl/So6xH5",
			"unclone": "https://goo.gl/S49Yxo",
			"img": "https://2.bp.blogspot.com/-OWM4Q3zOUgk/WHSyvSdaAGI/AAAAAAAABsE/H5DnMceYgrIOOx_7QLQDbh1YTMFptGJOQCLcB/s640/DELTA%2BBBM%2Bv4.0.0.png"
		},
		{
			"avatar": "https://goo.gl/46bZWw",
			"judul": "DELTA v3.9.1",
			"changelog": "Fix Change Language",
			"fitur": "All Premium Features Available",
			"base": "v3.2.0.6",
			"modder": "DELTALABS",
			"clone": "https://goo.gl/rvgqb0",
			"unclone": "https://goo.gl/rWUnP5",
			"img": "https://2.bp.blogspot.com/-N_--Ict4h_A/WE1S7I27MxI/AAAAAAAABmw/NWNSHPVANoUpwv006AneSGXDsZC7JdqbwCLcB/s640/DELTA%2BBBM%2Bv3.9.1.png"
		},
		{
			"avatar": "https://goo.gl/46bZWw",
			"judul": "DELTA v3.8.2",
			"changelog": "Fix FC when start applications.",
			"fitur": "All Premium Features Available",
			"base": "v3.0.0.18",
			"modder": "DELTALABS",
			"clone": "https://goo.gl/2egzNd",
			"unclone": "https://goo.gl/dpMlhB",
			"img": "https://1.bp.blogspot.com/-mWMHmSAMGkc/WGVFATW6flI/AAAAAAAABpQ/Hj6jzyz6lDUyU8H6mqG2-l0jyIVOfzB2QCLcB/s640/DELTA%2BBBM%2Bv3.8.2.png"
		},
		{
			"avatar": "https://goo.gl/46bZWw",
			"judul": "DELTA v3.8.1b",
			"changelog": "Copy status\nBOM PING!!! with Long Click",
			"fitur": "All Premium Features Available",
			"base": "v3.0.0.18",
			"modder": "DELTALABS",
			"clone": "https://goo.gl/5bCuiz",
			"unclone": "https://goo.gl/EmYxSb",
			"img": "https://4.bp.blogspot.com/-fhzHOrYT6Gg/WDm1mcHqm7I/AAAAAAAABks/3f4zwOFMQPUS74CVpGtTkCLFdR4Yq8H8gCLcB/s640/DELTA%2BBBM%2Bv3.8.1b.png"
		},
		{
			"avatar": "https://goo.gl/46bZWw",
			"judul": "DELTA v3.8.1a",
			"changelog": "Fix private conversation background\nDarken transparent theme\nRemove list divider chat",
			"fitur": "All Premium Features Available",
			"base": "v3.0.0.18",
			"modder": "DELTALABS",
			"clone": "https://goo.gl/0C4fzA",
			"unclone": "https://goo.gl/JBL96g",
			"img": "https://3.bp.blogspot.com/-yBgy-9xV68E/WDRzyIw2XXI/AAAAAAAABkQ/d1HLYrRU-Ows3TuINRovZDQCCAWf4_pmQCLcB/s640/DELTA%2BBBM%2Bv3.8.1a.png"
		},
		{
			"avatar": "https://goo.gl/46bZWw",
			"judul": "DELTA v3.7.1b",
			"changelog": "Change Background\nChange Launcher Icon",
			"fitur": "All Premium Features Available",
			"base": "v3.0.1.25",
			"modder": "DELTALABS",
			"clone": "https://goo.gl/sJkozO",
			"unclone": "https://goo.gl/6SuaNa",
			"img": "https://3.bp.blogspot.com/-8978zgj0hf0/WAz8Kz4ac7I/AAAAAAAABaQ/Bi6TpMusR3QH-tUJdCtiFn6-6Bt0SOVBACLcB/s640/DELTA%2BBBM%2Bv3.7.1b.png"
		},
		{
			"avatar": "https://goo.gl/46bZWw",
			"judul": "DELTA v3.7.1a",
			"changelog": "Change Background\nChange Launcher Icon",
			"fitur": "All Premium Features Available",
			"base": "v3.0.1.25",
			"modder": "DELTALABS",
			"clone": "https://goo.gl/9J5LcC",
			"unclone": "https://goo.gl/LWGtJa",
			"img": "https://1.bp.blogspot.com/-_Vs2UC6iZmo/V-_MZ24pbpI/AAAAAAAAA9I/0u4vgTyl2DI_7SW-NHmMj4RIfLXJl0oigCLcB/s640/DELTA%2BBBM%2Bv3.7.1a.png"
		},
		{
			"avatar": "https://goo.gl/46bZWw",
			"judul": "DELTA v3.7.0",
			"changelog": "Update Base v3.0.1.25\nUbah background pesan dengan gambar\nInput background mengikuti gelembung pesan\nGelembung Google Allo",
			"fitur": "All Premium Features Available",
			"base": "v3.0.1.25",
			"modder": "DELTALABS",
			"clone": "https://goo.gl/RtEM5S",
			"unclone": "https://goo.gl/vNgHtq",
			"img": "https://3.bp.blogspot.com/-36m09mNBLJI/V-uAKYwUEUI/AAAAAAAAA84/bOjs5GOqs9w3jkssYTDtSOoFM8C1EBREACLcB/s640/DELTA%2BBBM%2Bv3.7.0.jpg"
		},
		{
			"avatar": "https://goo.gl/46bZWw",
			"judul": "DELTA v3.6.1",
			"changelog": "Fix Custom Font Digital Clock\nShow Hide Attach Input\nColor Setting from Drawer",
			"fitur": "All Premium Features Available",
			"base": "v3.0.0.18",
			"modder": "DELTALABS",
			"clone": "https://goo.gl/4KgXk3",
			"unclone": "https://goo.gl/EDpzX7",
			"img": "https://3.bp.blogspot.com/-8nPIb8Jk_LU/V8KCxlygFxI/AAAAAAAAA6o/pSJ4C2XgHAcAtf52xvZLAaIH22LwIF9ZQCLcB/s640/DELTALABS%2Bv3.6.1.png"
		},
		{
			"avatar": "https://goo.gl/46bZWw",
			"judul": "DELTA v3.5.5",
			"changelog": "Change launcher icon\nRunning PM\nClear cache\nFix video call layout\nMove picture background file to SD Card/Android/data/com.bbm/files/DELTA/",
			"fitur": "All Premium Features Available",
			"base": "v2.13.1.14",
			"modder": "DELTALABS",
			"clone": "https://goo.gl/JhGA10",
			"unclone": "https://goo.gl/vDH1C9",
			"img": "https://2.bp.blogspot.com/-qFJ7aznwAj0/V3DI3X-qkUI/AAAAAAAAAnw/z0VSR_rj3ZQuIm4URXRmf8FotvBcdx3wgCLcB/s640/DELTA%2BBBM%2Bv3.5.5.jpg"
		}
	]
}
