{
	"versi": "DELTA v4.4.1",
	"slot": "2880456906687548",
	"id": "~6892531169",
	"bn": "/6700959472",
	"it": "/8096488541",
	"stad": true,
	"itad": true,
	"bcad": true,
	"url": "http://deltalabsproject.blogspot.com/2017/08/update-delta-v441.html",
	"changelog": "Fix Emoticon Input on Profile\nFix Status Bar Color on Android M\nFacebook Navigation Icon",
	"fitur": "Custom Theme (Light, Dark, Transparent)\nPrimary and Accent Color Scheme\nColoring System Bar (>Lolipop)\nDP No Crop\nSave Timed Picture\nBlock Read Status\nContact View (Grid and List)\nCustom Bubble Chat\nColoring, Position and Visibility Tab Layout\nPosition and Visibility Chat Filter\nChange Notification, Connected, No Service, PING and Chat Title Text\nChange Notification and Splat Icon\nBOM Text/PING\nBackup and Restore Data / Chat\nFullscreen View\nCustom Text Style and Color\nChange Launcher Icon\nAnd More..",
	"img": "https://4.bp.blogspot.com/-n78HKc2cN40/WaaoAbECnTI/AAAAAAAAANY/Dgt6Xl_altAiwAyDsh86Z_amBXa9r4HOgCLcBGAs/s1600/DELTA%2BBBM%2Bv4.4.1.png",
	"ss": [
		{
			"src": ""
		},
		{
			"src": ""
		},
		{
			"src": ""
		}
	]
}
