{
	"data": [
		{
			"avatar": "https://goo.gl/46bZWw",
			"judul": "PEMBERITAHUAN!!!",
			"changelog": "Harap update aplikasi ini untuk mendapatkan BBM Terbaru\nSilahkan download aplikasi DELTALABSITE dengan klik tombol UNCLONE dan CLONE",
			"fitur": "Silahkan download aplikasi DELTALABSITE dengan klik tombol UNCLONE dan CLONE",
			"base": " ",
			"modder": "DELTALABS",
			"clone": "http://bit.ly/DELTALABSITE",
			"unclone": "http://bit.ly/DELTALABSITE",
			"img": "https://1.bp.blogspot.com/-FgOaHcUYpbg/WOjmN90W8qI/AAAAAAAAB4g/1wjL05_yHhoNmcxOZOMZbEBact7figACACLcB/s640/AFFIX_20170408_202957.png"
		}
	]
}
