{
  "pagination": {
    "next_max_tag_id": "AQA_KTENXlNsjW7pl5vsHLQWdRy-vzUU6qHO-G7yPvI7dbnJhYWShgRtqGUBqWMeBumS2dm3MdHM-cz9MbIyjTHhzVaowCBXiF3oEPEqeOKEByRfi1UbaZwd2RLtMw3DRhA",
    "next_max_id": "AQA_KTENXlNsjW7pl5vsHLQWdRy-vzUU6qHO-G7yPvI7dbnJhYWShgRtqGUBqWMeBumS2dm3MdHM-cz9MbIyjTHhzVaowCBXiF3oEPEqeOKEByRfi1UbaZwd2RLtMw3DRhA",
    "next_url": "https://api.instagram.com/v1/tags/2019gantipresiden/media/recent?access_token=4211870052.3a81a9f.bbc4c3aec0c8433b8855c3f101a4cae1&max_tag_id=AQA_KTENXlNsjW7pl5vsHLQWdRy-vzUU6qHO-G7yPvI7dbnJhYWShgRtqGUBqWMeBumS2dm3MdHM-cz9MbIyjTHhzVaowCBXiF3oEPEqeOKEByRfi1UbaZwd2RLtMw3DRhA",
    "next_min_id": "AQBbh1Sv6-Q0GzhO_VAySvbnEQcYgwRg_MnrCAzRW50o2wHg0Tw8QxTZ_TqojRMCwVr3htge8RjeSEqTTm4iA4_B5Qnb8qswXfNDglOhf-2gNDxfExP1IeuheqTwtS-CazU",
    "min_tag_id": "AQBbh1Sv6-Q0GzhO_VAySvbnEQcYgwRg_MnrCAzRW50o2wHg0Tw8QxTZ_TqojRMCwVr3htge8RjeSEqTTm4iA4_B5Qnb8qswXfNDglOhf-2gNDxfExP1IeuheqTwtS-CazU",
    "deprecation_warning": "next_max_id and min_id are deprecated for this endpoint; use min_tag_id and max_tag_id instead"
  },
  "meta": {
    "code": 200
  },
    "data": [
    {
      "id": "1818087862438725815_8161482388",
      "user": {
        "username": "rifabusiness_"
      },
      "images": {
        "thumbnail": {
          "width": 150,
          "height": 150,
          "url": "https://scontent.cdninstagram.com/vp/ff89267cb0d70f3908c87130682853ca/5BDECC05/t51.2885-15/e35/s150x150/36600678_407766196408683_5382991870534090752_n.jpg?efg=eyJ1cmxnZW4iOiJ1cmxnZW5fZnJvbV9pZyJ9&_nc_eui2=AeHQruj3dmoUgzCcIboLUBS-uCdJWqdzKtliT1KDCC6Mrvvn5aesxBnepfBYhQPmCdKvEkgOmI-kePXhQL31yjaMIKCOAq5CKWc9DuSw7SI0Xw"
        },
        "low_resolution": {
          "width": 320,
          "height": 320,
          "url": "https://scontent.cdninstagram.com/vp/b4f1c19dbe610ee5d7fa0b02810a4de1/5BE63FF5/t51.2885-15/e35/s320x320/36600678_407766196408683_5382991870534090752_n.jpg?efg=eyJ1cmxnZW4iOiJ1cmxnZW5fZnJvbV9pZyJ9&_nc_eui2=AeHQruj3dmoUgzCcIboLUBS-uCdJWqdzKtliT1KDCC6Mrvvn5aesxBnepfBYhQPmCdKvEkgOmI-kePXhQL31yjaMIKCOAq5CKWc9DuSw7SI0Xw"
        },
        "standard_resolution": {
          "width": 640,
          "height": 640,
          "url": "https://scontent.cdninstagram.com/vp/4b2e4fb05773de27a1cd6b592006dd88/5BE884A2/t51.2885-15/sh0.08/e35/s640x640/36600678_407766196408683_5382991870534090752_n.jpg?efg=eyJ1cmxnZW4iOiJ1cmxnZW5fZnJvbV9pZyJ9&_nc_eui2=AeHQruj3dmoUgzCcIboLUBS-uCdJWqdzKtliT1KDCC6Mrvvn5aesxBnepfBYhQPmCdKvEkgOmI-kePXhQL31yjaMIKCOAq5CKWc9DuSw7SI0Xw"
        }
      },
      "created_time": "1530952984",
      "caption": {
        "id": "17897510128208794",
        "text": "FIX JOIN kak?? 👇\n➖➖➖➖➖➖➖➖➖➖➖➖➖\nKontak Kami :\n☎️ Instagram : @rifabusiness_\n🆔 Line : @dou0350c (pakai @)\n📱 WA : 0821-8424-9488\n➖➖➖➖➖➖➖➖➖➖➖➖➖\nSiapa cepat dia dapat kak😜 serius JOIN akan kami prioritaskan. Barakallah.. #bisnis#bisnisanakmuda#bisniskeren#bisnismudah#perindushalawat#bisnisenak#niqah#bisnis2018#mobilebusinesseducation#supplierindonesia#nikahmuda#nmc#2019gantipresiden#suppliermurah#supplierindonesia#hijrah#pemudahijrah#pejuanghijrah#tafaqquh#suppliertanganpertama#bisnissemuaumur#bisnisonline#fullbimbingan#tipsberwirausaha#officialnmc",
        "created_time": "1530952984",
        "from": {
          "username": "rifabusiness_"
        }
      },
      "user_has_liked": false,
      "likes": {
        "count": 0
      },
      "tags": [
        "mobilebusinesseducation",
        "bisnismudah",
        "bisnisanakmuda",
        "tipsberwirausaha",
        "bisnissemuaumur",
        "bisnisenak",
        "hijrah",
        "fullbimbingan",
        "supplierindonesia",
        "bisniskeren",
        "tafaqquh",
        "bisnisonline",
        "perindushalawat",
        "officialnmc",
        "nikahmuda",
        "niqah",
        "pejuanghijrah",
        "pemudahijrah",
        "suppliertanganpertama",
        "2019gantipresiden",
        "bisnis2018",
        "bisnis",
        "nmc",
        "suppliermurah"
      ],
      "filter": "Normal",
      "comments": {
        "count": 0
      },
      "type": "image",
      "link": "https://www.instagram.com/p/Bk7JUc7HAi3/",
      "location": null,
      "attribution": null,
      "users_in_photo": []
    },
    {
      "id": "1818085005914812288_4875246614",
      "user": {
        "username": "kepak_sayap_mujahidah"
      },
      "images": {
        "thumbnail": {
          "width": 150,
          "height": 150,
          "url": "https://scontent.cdninstagram.com/vp/c72f7e23634c83c12cda2f858b93ee62/5B43092A/t51.2885-15/e15/c136.0.339.339/s150x150/36086562_418729225308809_4068586188372443136_n.jpg?efg=eyJ1cmxnZW4iOiJ1cmxnZW5fZnJvbV9pZyJ9&_nc_eui2=AeH6k9P5VM_y4EmATCr-ZpsfoU2I6P1N8IDhuRlCJeLFpJljSgsc8C8q38xDJHYj_s_yNgjeWjiBlSYKPsLPSLsMMGU6a3SKVQNUqvp_9cUuOw"
        },
        "low_resolution": {
          "width": 320,
          "height": 177,
          "url": "https://scontent.cdninstagram.com/vp/9e104cbb37a059c8abbe10563cc08696/5B433698/t51.2885-15/e15/s320x320/36086562_418729225308809_4068586188372443136_n.jpg?efg=eyJ1cmxnZW4iOiJ1cmxnZW5fZnJvbV9pZyJ9&_nc_eui2=AeH6k9P5VM_y4EmATCr-ZpsfoU2I6P1N8IDhuRlCJeLFpJljSgsc8C8q38xDJHYj_s_yNgjeWjiBlSYKPsLPSLsMMGU6a3SKVQNUqvp_9cUuOw"
        },
        "standard_resolution": {
          "width": 612,
          "height": 339,
          "url": "https://scontent.cdninstagram.com/vp/5946ced50f4abac4f29d9570c2178609/5B42F609/t51.2885-15/e15/36086562_418729225308809_4068586188372443136_n.jpg?efg=eyJ1cmxnZW4iOiJ1cmxnZW5fZnJvbV9pZyJ9&_nc_eui2=AeH6k9P5VM_y4EmATCr-ZpsfoU2I6P1N8IDhuRlCJeLFpJljSgsc8C8q38xDJHYj_s_yNgjeWjiBlSYKPsLPSLsMMGU6a3SKVQNUqvp_9cUuOw"
        }
      },
      "created_time": "1530952868",
      "caption": {
        "id": "17944391167129939",
        "text": ".\nRepostBy @prof.acung_is_back:\n.\nPantun Habib Hanif (Menantu HRS) :\n.\n\" Ada ibu-ibu  Pake KONDE..\nLihat Cacing Di Dalem SARDEN... .\nJangan Mimpi 2 PERIODE ..\n2019 Ganti PRESIDEN .....!!!!! .”\n. ☝️ALLAHU AKBAR\n.\n\n#KoalisiUmatBersatu212 \n#2019GantiPresiden\n#2019gantisistem \n#habibrizieq\n#fpi #frontpembelaislam\n#habibhanifalatas\n#AnaMelihatHRSMudaDiDiriMenantunya\n#SubhanallahWalhamdulillahMasyaAllah😍",
        "created_time": "1530952868",
        "from": {
          "username": "kepak_sayap_mujahidah"
        }
      },
      "user_has_liked": false,
      "likes": {
        "count": 0
      },
      "tags": [
        "subhanallahwalhamdulillahmasyaallah😍",
        "anamelihathrsmudadidirimenantunya",
        "koalisiumatbersatu212",
        "frontpembelaislam",
        "fpi",
        "2019gantipresiden",
        "2019gantisistem",
        "habibrizieq",
        "habibhanifalatas"
      ],
      "filter": "Normal",
      "comments": {
        "count": 0
      },
      "type": "video",
      "link": "https://www.instagram.com/p/Bk7Iq4lBC-A/",
      "location": null,
      "attribution": null,
      "users_in_photo": [],
      "videos": {
        "standard_resolution": {
          "width": 480,
          "height": 265,
          "url": "https://scontent.cdninstagram.com/vp/76fcaa64158ce08aa69a0ee0ec74ef9c/5B432B6A/t50.2886-16/36390966_203952346930201_6502838497714372608_n.mp4?efg=eyJ1cmxnZW4iOiJ1cmxnZW5fZnJvbV9pZyJ9&_nc_eui2=AeH-wYnuuoyychmXEzkzko1VyHY5dCdOMrfiSxoLkmP4SAqyR7npvUwN9OQQFa3Yi9yLeVSGd1OYQXRERNuPWgxYM_4pbGnI85nNRlDP-avryg",
          "id": "17945786551101645"
        },
        "low_bandwidth": {
          "width": 480,
          "height": 265,
          "url": "https://scontent.cdninstagram.com/vp/76fcaa64158ce08aa69a0ee0ec74ef9c/5B432B6A/t50.2886-16/36390966_203952346930201_6502838497714372608_n.mp4?efg=eyJ1cmxnZW4iOiJ1cmxnZW5fZnJvbV9pZyJ9&_nc_eui2=AeH-wYnuuoyychmXEzkzko1VyHY5dCdOMrfiSxoLkmP4SAqyR7npvUwN9OQQFa3Yi9yLeVSGd1OYQXRERNuPWgxYM_4pbGnI85nNRlDP-avryg",
          "id": "17945786551101645"
        },
        "low_resolution": {
          "width": 480,
          "height": 265,
          "url": "https://scontent.cdninstagram.com/vp/76fcaa64158ce08aa69a0ee0ec74ef9c/5B432B6A/t50.2886-16/36390966_203952346930201_6502838497714372608_n.mp4?efg=eyJ1cmxnZW4iOiJ1cmxnZW5fZnJvbV9pZyJ9&_nc_eui2=AeH-wYnuuoyychmXEzkzko1VyHY5dCdOMrfiSxoLkmP4SAqyR7npvUwN9OQQFa3Yi9yLeVSGd1OYQXRERNuPWgxYM_4pbGnI85nNRlDP-avryg",
          "id": "17945786551101645"
        }
      }
    }
  ]
}