{
	"data": [
		{
			"season":"Season I - Mata Malaikat",
			"episode": [
				{
					"episode":"Episode 1",
					"thumb":"https://scontent.fcgk6-1.fna.fbcdn.net/v/t1.0-9/18447229_1288413571207378_6151643259694218668_n.jpg?_nc_cat=0&oh=f8958a08fd82e9167e69742b79043726&oe=5BE45E40",
					"judul":"Mata Malaikat",
					"id":"1288413507874051"
				},
				{
					"episode":"Episode 2",
					"thumb":"https://scontent.fcgk6-1.fna.fbcdn.net/v/t1.0-9/18620472_1294702480578487_8077185671835951602_n.jpg?_nc_cat=0&oh=056aead1e0b545db9129d2addbe4caaa&oe=5BDD897E",
					"judul":"Mata Malaikat",
					"id":"1294702447245157"
				},
				{
					"episode":"Episode 3",
					"thumb":"https://scontent.fcgk6-1.fna.fbcdn.net/v/t1.0-9/18814157_1301846366530765_3812823177113736651_n.jpg?_nc_cat=0&oh=40c25d88628dc057958c4ba10c0af02c&oe=5BDFEEED",
					"judul":"Mata Malaikat",
					"id":"1301845689864166"
				},
				{
					"episode":"Episode 4",
					"thumb":"https://scontent.fcgk6-1.fna.fbcdn.net/v/t1.0-9/19029454_1310369105678491_8200084680505450644_n.jpg?_nc_cat=0&oh=9380e4d274b6e97009befac6abd86d01&oe=5C1280B8",
					"judul":"Mata Malaikat",
					"id":"1310368882345180"
				},
				{
					"episode":"Episode 5",
					"thumb":"https://scontent.fcgk6-1.fna.fbcdn.net/v/t1.0-9/19149144_1317345458314189_8392981844844619510_n.jpg?_nc_cat=0&oh=fc065429ef46293635b9c225589598fa&oe=5BD5F281",
					"judul":"Mata Malaikat",
					"id":"1317344611647607"
				},
				{
					"episode":"Episode 6",
					"thumb":"https://scontent.fcgk6-1.fna.fbcdn.net/v/t1.0-9/19275119_1323906210991447_1138011899659687683_n.jpg?_nc_cat=0&oh=8888089dca5704db21cee8348620c085&oe=5BE20AF4",
					"judul":"Mata Malaikat",
					"id":"1323905764324825"
				},
				{
					"episode":"Episode 7",
					"thumb":"https://scontent.fcgk6-1.fna.fbcdn.net/v/t1.0-9/19437604_1330441833671218_5658083000703075112_n.jpg?_nc_cat=0&oh=6ebd74cfd5da6e37f14ef784267b595f&oe=5BCE5750",
					"judul":"Mata Malaikat",
					"id":"1330441813671220"
				},
				{
					"episode":"Episode 8",
					"thumb":"https://scontent.fcgk6-1.fna.fbcdn.net/v/t1.0-9/15966308_1337744432940958_9115756569614381538_n.jpg?_nc_cat=0&oh=ea3611eecc70a8899e33cb1da3b12e31&oe=5C1156D9",
					"judul":"Mata Malaikat",
					"id":"1337744262940975"
				},
				{
					"episode":"Episode 9",
					"thumb":"https://scontent.fcgk6-1.fna.fbcdn.net/v/t1.0-9/19990274_1344237582291643_5807691432431776979_n.jpg?_nc_cat=0&oh=b15b85f754827af94f057b63d9dc9f63&oe=5BCD8A7E",
					"judul":"Mata Malaikat",
					"id":"1344237555624979"
				},
				{
					"episode":"Episode 10",
					"thumb":"https://scontent.fcgk6-1.fna.fbcdn.net/v/t1.0-9/20108517_1351003828281685_6794195539572086615_n.jpg?_nc_cat=0&oh=6f88fb4e292dbefd41a859c1b7e904da&oe=5BD7472E",
					"judul":"Mata Malaikat",
					"id":"1351003781615023"
				},
				{
					"episode":"Episode 11",
					"thumb":"https://scontent.fcgk6-1.fna.fbcdn.net/v/t1.0-9/20258399_1357645357617532_388426874397137198_n.jpg?_nc_cat=0&oh=ff4c939a94e896dcf784881278975826&oe=5BE7280F",
					"judul":"Mata Malaikat",
					"id":"1357645314284203"
				},
				{
					"episode":"Episode 12",
					"thumb":"https://scontent.fcgk6-1.fna.fbcdn.net/v/t1.0-9/20525860_1363508137031254_6846072231866301295_n.jpg?_nc_cat=0&oh=eac2e25e5cf804e05f2b826927055baa&oe=5BD89B40",
					"judul":"Mata Malaikat",
					"id":"1363508033697931"
				},
				{
					"episode":"Episode 13",
					"thumb":"https://scontent.fcgk6-1.fna.fbcdn.net/v/t1.0-9/20708143_1369705609744840_117543244936784154_n.jpg?_nc_cat=0&oh=3a5b0f6613bba3b995a4bbd254818ce1&oe=5BD40923",
					"judul":"Mata Malaikat",
					"id":"1369705583078176"
				}
			]
		},
		{
			"season":"Season II - Sapu  Jagat",
			"episode": [
				{
					"episode":"Episode 1",
					"thumb":"https://scontent.fcgk6-1.fna.fbcdn.net/v/t1.0-9/21766475_1408321432549924_5119362709979762533_n.jpg?_nc_cat=0&oh=06dae8f7bffc901668247e15d61edf45&oe=5BDBD5E3",
					"judul":"Sapu Jagat",
					"id":"1408321399216594"
				},
				{
					"episode":"Episode 2",
					"thumb":"https://scontent.fcgk6-1.fna.fbcdn.net/v/t1.0-9/22195406_1413674228681311_3099800335870902291_n.jpg?_nc_cat=0&oh=53d3da71aed2cbefed321a423de4390f&oe=5BDDBE57",
					"judul":"Sapu Jagat",
					"id":"1413674192014648"
				},
				{
					"episode":"Episode 3",
					"thumb":"https://scontent.fcgk6-1.fna.fbcdn.net/v/t1.0-9/22308668_1419348908113843_8964124649269213449_n.jpg?_nc_cat=0&oh=6821acd3070ffb920ef1da7ceec2477c&oe=5BCD61F5",
					"judul":"Sapu Jagat",
					"id":"1419348884780512"
				},
				{
					"episode":"Episode 4",
					"thumb":"https://scontent.fcgk6-1.fna.fbcdn.net/v/t1.0-9/22405455_1424943970887670_2050377289122403868_n.jpg?_nc_cat=0&oh=2b373fd0d18b8f2867112f20ba2f3c7b&oe=5BE4C47D",
					"judul":"Sapu Jagat",
					"id":"1424943894221011"
				},
				{
					"episode":"Episode 5",
					"thumb":"https://scontent.fcgk6-1.fna.fbcdn.net/v/t1.0-9/22815170_1430806660301401_8135497768977680506_n.jpg?_nc_cat=0&oh=e40e8d79447982216a6c8cb76b111ac8&oe=5BD6C8E4",
					"judul":"Sapu Jagat",
					"id":"1430806606968073"
				},
				{
					"episode":"Episode 6",
					"thumb":"https://scontent.fcgk6-1.fna.fbcdn.net/v/t1.0-9/23131631_1437034463011954_3371717511654551389_n.jpg?_nc_cat=0&oh=add6db91624d6230d13153ae1adfdfaf&oe=5BCAC191",
					"judul":"Sapu Jagat",
					"id":"1437034446345289"
				},
				{
					"episode":"Episode 7",
					"thumb":"https://scontent.fcgk6-1.fna.fbcdn.net/v/t1.0-9/23231169_1442858859096181_2017696547822987162_n.jpg?_nc_cat=0&oh=4c42aa52733794f2f86b2b53c60896c3&oe=5BC5A635",
					"judul":"Sapu Jagat",
					"id":"1442858812429519"
				},
				{
					"episode":"Episode 8",
					"thumb":"https://scontent.fcgk6-1.fna.fbcdn.net/v/t1.0-9/23472835_1449096431805757_96873218025724361_n.jpg?_nc_cat=0&oh=d8449c302c0fa382fa61a42545f52dab&oe=5BDB2EF8",
					"judul":"Sapu Jagat",
					"id":"1449096365139097"
				},
				{
					"episode":"Episode 9",
					"thumb":"https://scontent.fcgk6-1.fna.fbcdn.net/v/t1.0-9/23795811_1456018171113583_4303011487958853673_n.jpg?_nc_cat=0&oh=96e24b641eade1cedd73e4d70e387246&oe=5BD1235B",
					"judul":"Sapu Jagat",
					"id":"1456016817780385"
				},
				{
					"episode":"Episode 10",
					"thumb":"https://scontent.fcgk6-1.fna.fbcdn.net/v/t1.0-9/24176884_1462731340442266_8072075591935560735_n.jpg?_nc_cat=0&oh=caa1db66e97c9f0214dab5d919ce6ccd&oe=5BDB0102",
					"judul":"Sapu Jagat",
					"id":"1462731177108949"
				},
				{
					"episode":"Episode 11",
					"thumb":"https://scontent.fcgk6-1.fna.fbcdn.net/v/t1.0-9/24900215_1469541583094575_4227495911432770482_n.jpg?_nc_cat=0&oh=1c0947bae388c2e7fbd1c4dc4a9ac470&oe=5BE1D239",
					"judul":"Sapu Jagat",
					"id":"1469541523094581"
				},
				{
					"episode":"Episode 12",
					"thumb":"https://scontent.fcgk6-1.fna.fbcdn.net/v/t1.0-9/24993567_1476023982446335_3584347708011900350_n.jpg?_nc_cat=0&oh=8c1c8539b65f8646b3b72b256dd86d2f&oe=5C136053",
					"judul":"Sapu Jagat",
					"id":"1476023935779673"
				},
				{
					"episode":"Episode 13",
					"thumb":"https://scontent.fcgk6-1.fna.fbcdn.net/v/t1.0-9/26001042_1488227161226017_3822673555096043425_n.jpg?_nc_cat=0&oh=1d91f74fc104a1c580f95ecf72a055bd&oe=5BD765E2",
					"judul":"Sapu Jagat",
					"id":"1488227131226020"
				},
				{
					"episode":"Episode 14",
					"thumb":"https://scontent.fcgk6-1.fna.fbcdn.net/v/t1.0-9/26167722_1494671747248225_7132193326426741338_n.jpg?_nc_cat=0&oh=ba5cb80523ca9983db93cd52459b099a&oe=5BE6599B",
					"judul":"Sapu Jagat",
					"id":"1494671697248230"
				},
				{
					"episode":"Epilog",
					"thumb":"https://scontent.fcgk6-1.fna.fbcdn.net/v/t1.0-9/26230096_1501711543210912_1676932838580955647_n.jpg?_nc_cat=0&oh=1876f0352bc03743a8d8e7df623bba0c&oe=5C110DCB",
					"judul":"Sapu Jagat",
					"id":"1501711526544247"
				}
			]
		},
		{
			"season":"Season III - Raja Mandala",
			"episode": [
				{
					"episode":"Episode 1",
					"thumb":"https://scontent.fcgk6-1.fna.fbcdn.net/v/t1.0-9/32550248_1621915197857212_7103213589267218432_n.jpg?_nc_cat=0&oh=2e1af2418b4bf439dff9085214a8a0af&oe=5BE8B337",
					"judul":"Raja Mandala",
					"id":"1621913021190763"
				},
				{
					"episode":"Episode 2",
					"thumb":"https://scontent.fcgk6-1.fna.fbcdn.net/v/t1.0-9/33154363_1628231247225607_3255526931956760576_n.jpg?_nc_cat=0&oh=07e2307cec245c20870aed0a29fb1382&oe=5BF3B9BC",
					"judul":"Raja Mandala",
					"id":"1628229390559126"
				},
				{
					"episode":"Episode 3",
					"thumb":"https://scontent.fcgk6-1.fna.fbcdn.net/v/t1.0-9/33995149_1634673229914742_2125107465388294144_n.jpg?_nc_cat=0&oh=c54ae2e9b49ddff3c6c450e1e2eb62cd&oe=5C3A6AD9",
					"judul":"Raja Mandala",
					"id":"1634671019914963"
				},
				{
					"episode":"Episode 4",
					"thumb":"https://scontent.fcgk6-1.fna.fbcdn.net/v/t1.0-9/34700756_1641366035912128_637662893810122752_n.jpg?_nc_cat=0&oh=61d395792dba2d1f177ea3128468cc07&oe=5C32A49B",
					"judul":"Raja Mandala",
					"id":"1641363842579014"
				},
				{
					"episode":"Episode 5",
					"thumb":"https://scontent.fcgk6-1.fna.fbcdn.net/v/t1.0-9/35652117_1658026737579391_9007956577734361088_n.jpg?_nc_cat=0&oh=2e390b4b05d5b9b41dc9e33bda52a903&oe=5C2A24B4",
					"judul":"Raja Mandala",
					"id":"1658022670913131"
				},
				{
					"episode":"Episode 6",
					"thumb":"https://scontent.fcgk6-1.fna.fbcdn.net/v/t1.0-9/36564964_1678599762188755_8619504552774729728_n.jpg?_nc_cat=0&oh=d21c65a7c53ec8d38f2ebd639c7a4d93&oe=5BF000A3",
					"judul":"Raja Mandala",
					"id":"1678597485522316"
				},
				{
					"episode":"Episode 7",
					"thumb":"https://scontent.fcgk6-1.fna.fbcdn.net/v/t1.0-9/37024794_1688788451169886_360278010160480256_n.jpg?_nc_cat=0&oh=7b848b7b62af3dca07deb16a87e71133&oe=5BED1A88",
					"judul":"Raja Mandala",
					"id":"1688786737836724"
				},
				{
					"episode":"Episode 8",
					"thumb":"https://scontent.fcgk6-1.fna.fbcdn.net/v/t1.0-9/37296672_1698919020156829_1843268481609367552_n.jpg?_nc_cat=0&oh=092d98ecaef425b371855ab71368e18c&oe=5C22C6A0",
					"judul":"Raja Mandala",
					"id":"1698917190157012"
				},
				{
					"episode":"Episode 9",
					"thumb":"https://scontent.fcgk6-1.fna.fbcdn.net/v/t1.0-9/37826226_1709787625736635_4179305067964268544_n.jpg?_nc_cat=0&oh=647ae89613cb4965207af03a4dbb9832&oe=5BF003C3",
					"judul":"Raja Mandala",
					"id":"1709784912403573"
				},
				{
					"episode":"Episode 10",
					"thumb":"https://scontent.fcgk6-1.fna.fbcdn.net/v/t1.0-9/38147603_1720437158005015_3594111131024621568_n.jpg?_nc_cat=0&oh=0e177c77fbbe8b6b3faeb3d9dc3b0fc7&oe=5C2EEC61",
					"judul":"Raja Mandala",
					"id":"1720435124671885"
				},
				{
					"episode":"Episode 11",
					"thumb":"https://scontent.fcgk6-1.fna.fbcdn.net/v/t1.0-9/39161516_1743554342359963_208494707733430272_n.jpg?_nc_cat=0&oh=33b4d68d3261f4857235196a66ef060d&oe=5C224C64",
					"judul":"Raja Mandala",
					"id":"1743552112360186"
				},
				{
					"episode":"Episode 12",
					"thumb":"https://scontent.fcgk6-1.fna.fbcdn.net/v/t1.0-9/40265422_1765077590207638_677740590858764288_n.jpg?_nc_cat=0&oh=892bc37a2336334d5e7c352678c55a1f&oe=5C2B38B6",
					"judul":"Raja Mandala",
					"id":"1765075800207817"
				}	
			]
		}
	]
}
