{
	"page": "1",
	"total": "next",
	"post": [
		{
			"avatar": "http://bit.ly/AZHARR",
			"judul": "MI-SPACE",
			"changelog": "Update Base v3.3.8.74\nAdd New Change Animation\nOn/Off Full DP\nOn/Off Big DP on drawer\nDual Mode Profile\nBlock Read Status\nHide/Show Floating Action Button\nPrivate Mode\nTop/Bottom Main Tab\nAutotext a.k.a BOM PING!!!\nAnd many more..",
			"fitur": "Add New Change Animation\nOn/Off Full DP\nOn/Off Big DP on drawer\nDual Mode Profile\nBlock Read Status\nHide/Show Floating Action Button\nPrivate Mode\nTop/Bottom Main Tab\nAutotext a.k.a BOM PING!!!\nAnd many more..",
			"base": "v3.3.8.74",
			"modder": "Azhar Rivaldi",
			"clone": "null",
			"unclone": "https://drive.google.com/uc?export=download&id=0B9gWXjy6JYVodEJCblloY2Zzb0E",
			"img": "https://3.bp.blogspot.com/-CrHNQ0Y7JH8/Wc9TR7kA4_I/AAAAAAAAASg/UYfr02Hpq4QfB9J2gVma03qGXHhOMWa3QCLcBGAs/s640/MI-SPACE.png"
		},
		{
			"avatar": "null",
			"judul": "WM-MOD",
			"changelog": "Update Base v3.3.8.74\nOn/Off Full DP\nOn/Off Big DP on drawer\nDual Mode Profile\nBlock Read Status\nHide/Show Floating Action Button\nPrivate Mode\nTop/Bottom Main Tab\nAutotext a.k.a BOM PING!!!\nAnd many more..",
			"fitur": "On/Off Full DP\nOn/Off Big DP on drawer\nDual Mode Profile\nBlock Read Status\nHide/Show Floating Action Button\nPrivate Mode\nTop/Bottom Main Tab\nAutotext a.k.a BOM PING!!!\nAnd many more..",
			"base": "v3.3.8.74",
			"modder": "Wong Mumet",
			"clone": "https://drive.google.com/uc?export=download&id=0B716mnT7qve_QWE0WE5qcHExWTA",
			"unclone": "https://drive.google.com/uc?export=download&id=0B716mnT7qve_RXZkeVBGZVViU2M",
			"img": "https://3.bp.blogspot.com/-U6yIB7NsLwE/WcOxdBmG1SI/AAAAAAAAASQ/WDLdg1BOMKsdvSBTkERcHdbFE7Vqdtz_wCLcBGAs/s640/WM-MOD.png"
		},
		{
			"avatar": "http://bit.ly/AZHARR",
			"judul": "MI-CLOUD",
			"changelog": "Update Base v3.3.8.74\nAdd New Change Animation\nOn/Off Full DP\nOn/Off Big DP on drawer\nDual Mode Profile\nBlock Read Status\nHide/Show Floating Action Button\nPrivate Mode\nTop/Bottom Main Tab\nAutotext a.k.a BOM PING!!!\nAnd many more..",
			"fitur": "Add New Change Animation\nOn/Off Full DP\nOn/Off Big DP on drawer\nDual Mode Profile\nBlock Read Status\nHide/Show Floating Action Button\nPrivate Mode\nTop/Bottom Main Tab\nAutotext a.k.a BOM PING!!!\nAnd many more..",
			"base": "v3.3.8.74",
			"modder": "Azhar Rivaldi",
			"clone": "null",
			"unclone": "https://drive.google.com/uc?export=download&id=0B9gWXjy6JYVobTY0bFNNdDFPMzg",
			"img": "https://2.bp.blogspot.com/-ifeVj4fJN7w/WcOlFZbinsI/AAAAAAAAASA/vHsrWPbbzb0r-XVzxqQArcmQ1Dsa8AUdwCLcBGAs/s1600/MI-CLOUD.png"
		},
		{
			"avatar": "http://bit.ly/AAHPP",
			"judul": "BLACK",
			"changelog": "Update Base v3.3.8.74\nFull DP\nBlockRead\nMaintab Option\nBombPing\nLock Mode\nPrivate Mode\nRunning PM\nGrid Contact\nAutomatic Lock",
			"fitur": "Hide Ads\nFull DP\nBlockRead\nMaintab Option\nBombPing\nLock Mode\nPrivate Mode\nRunning PM\nGrid Contact\nAutomatic Lock",
			"base": "v3.3.8.74",
			"modder": "Andi Abdi Hadi",
			"clone": "http://www54.zippyshare.com/v/YVtdZSsI/file.html",
			"unclone": "http://www54.zippyshare.com/v/cdtDhra9/file.html",
			"img": "https://3.bp.blogspot.com/-MmI0XnCeAn0/Wb-2-IVf3xI/AAAAAAAAARQ/7zs-hS4D_EUMZrcbyJjAf7NmzPRSUGiVgCLcBGAs/s640/BLACK%2BBBM.png"
		},
		{
			"avatar": "http://bit.ly/AAHPP",
			"judul": "BBM OFFICIAL MOD",
			"changelog": "Update Base v3.3.8.74\nFull DP\nBlockRead\nMaintab Option\nBombPing\nRunning PM\nGrid Contact",
			"fitur": "Hide Ads\nFull DP\nBlockRead\nMaintab Option\nBombPing\nRunning PM\nGrid Contact",
			"base": "v3.3.8.74",
			"modder": "Andi Abdi Hadi",
			"clone": "http://www2.zippyshare.com/v/ANyOzAM2/file.html",
			"unclone": "http://www2.zippyshare.com/v/bcZHSm3T/file.html",
			"img": "https://2.bp.blogspot.com/-zdcXoZlHl4w/WcFDFBRyywI/AAAAAAAAARw/87UPCXwhc2onBN7JirKneiNsxJOuz1aNACLcBGAs/s1600/OFFICIAL-MOD-3.3.8.74.png"
		},
		{
			"avatar": "http://bit.ly/AAHPP",
			"judul": "BLACK",
			"changelog": "Update Base v3.3.8.73\nFull DP\nBlockRead\nMaintab Option\nBombPing\nLock Mode\nPrivate Mode\nRunning PM\nGrid Contact\nAutomatic Lock",
			"fitur": "Hide Ads\nFull DP\nBlockRead\nMaintab Option\nBombPing\nLock Mode\nPrivate Mode\nRunning PM\nGrid Contact\nAutomatic Lock",
			"base": "v3.3.8.73",
			"modder": "Andi Abdi Hadi",
			"clone": "http://www53.zippyshare.com/v/G01t9xNs/file.html",
			"unclone": "http://www92.zippyshare.com/v/b7ExwlC3/file.html",
			"img": "https://3.bp.blogspot.com/-MmI0XnCeAn0/Wb-2-IVf3xI/AAAAAAAAARQ/7zs-hS4D_EUMZrcbyJjAf7NmzPRSUGiVgCLcBGAs/s640/BLACK%2BBBM.png"
		},
		{
			"avatar": "http://bit.ly/RIDWANPP",
			"judul": "HELLO KITTY",
			"changelog": "Update Base v3.3.7.97",
			"fitur": "Full Display Picture (DP No Crop)\nTab Layout Position\nBlock Read Status\nLock Mode\nList/Grid Contact",
			"base": "v3.3.7.97",
			"modder": "Ridwan Arifin",
			"clone": "null",
			"unclone": "https://drive.google.com/uc?export=download&id=0B7abQopENP_7WkNRSHFHY1VjWW8",
			"img": "https://2.bp.blogspot.com/-L_4HFVcfT1o/Wb3rhHY0X3I/AAAAAAAAAP8/JSlRXJQEnUgJDIL4ibQnpdr_sQPjovaZQCLcBGAs/s640/RA%2BHELLO%2BKITTY%2BBBM.png"
		},
		{
			"avatar": "http://bit.ly/RIDWANPP",
			"judul": "DORAEMON",
			"changelog": "Update Base v3.3.7.97",
			"fitur": "Full Display Picture (DP No Crop)\nTab Layout Position\nBlock Read Status\nLock Mode\nList/Grid Contact",
			"base": "v3.3.7.97",
			"modder": "Ridwan Arifin",
			"clone": "null",
			"unclone": "https://drive.google.com/uc?export=download&id=0B7abQopENP_7S3VCUmp3R3NjUVk",
			"img": "https://3.bp.blogspot.com/-GDqzoclL550/Wb3oe5sEeBI/AAAAAAAAAPw/a-jrBr4x-8waXWak7TDg8GRVmMx-mr-QgCPcBGAYYCw/s640/RA%2BDORAEMON%2BBBM.png"
		},
		{
			"avatar": "http://bit.ly/ANDRYPP",
			"judul": "BBM TEGRAM",
			"changelog": "Update Base Beta v3.3.7.97",
			"fitur": "Full Display Picture (DP No Crop)\nFlexible Rounded DP\nAutotext aka Bom PING\nTab Layout Position\nBlock Read Status\nHide Fab New Chat\nNo Ads",
			"base": "Beta v3.3.7.97",
			"modder": "Andry Gibh Q",
			"clone": "http://www.mediafire.com/file/69iqwk6qo2a9iey/BBM_Tegram_v3.3.7.97.apk",
			"unclone": "http://www.mediafire.com/file/69iqwk6qo2a9iey/BBM_Tegram_v3.3.7.97.apk",
			"img": "https://4.bp.blogspot.com/-xdBb60mK1yI/WYQOO2zcGqI/AAAAAAAAAI8/x2gqMfNBvR0vCtgFumvqFASDC6bBHz75ACLcBGAs/s640/combine_images.jpg"
		},
		{
			"avatar": "null",
			"judul": "BBM LINE",
			"changelog": "Update Base v3.3.6.51",
			"fitur": "Full Display Picture (DP No Crop)\nFlexible Rounded DP\nAutotext aka Bom PING\nTab Layout Position\nBlock Read Status\nHide Fab New Chat\nNo Ads",
			"base": "Beta v3.3.6.51",
			"modder": "Rizky Maulana",
			"clone": "https://drive.google.com/uc?export=download&id=0B3DRuMIWkT51cFhadERxWXNKVlE",
			"unclone": "https://drive.google.com/uc?export=download&id=0B3DRuMIWkT51cFhadERxWXNKVlE",
			"img": "https://3.bp.blogspot.com/-FMH7YDZwUyM/WYQP4CFIWHI/AAAAAAAAAJE/OH_FUcTAQns90fV7a8mUFFp3p7htKk6VACLcBGAs/s640/LINE.jpg"
		},
		{
			"avatar": "http://bit.ly/ANDRYPP",
			"judul": "BBM TEGRAM",
			"changelog": "Update Base Beta v300.3.7.101",
			"fitur": "Full Display Picture (DP No Crop)\nFlexible Rounded DP\nAutotext aka Bom PING\nTab Layout Position\nBlock Read Status\nHide Fab New Chat\nNo Ads",
			"base": "Beta v300.3.7.101",
			"modder": "Andry Gibh Q",
			"clone": "http://www.mediafire.com/file/fzlcy4jn5ahtza4/BBM_TeGram_v300.3.7.101%5BTESTER%5D.apk",
			"unclone": "http://www.mediafire.com/file/fzlcy4jn5ahtza4/BBM_TeGram_v300.3.7.101%5BTESTER%5D.apk",
			"img": "https://4.bp.blogspot.com/-xdBb60mK1yI/WYQOO2zcGqI/AAAAAAAAAI8/x2gqMfNBvR0vCtgFumvqFASDC6bBHz75ACLcBGAs/s640/combine_images.jpg"
		},
		{
			"avatar": "http://bit.ly/ABDULR",
			"judul": "BBM SCOOTER",
			"changelog": "Full Display Picture\nBlock Read Status\nHide Floating Action Button\nTop Bottom Maintab\nContact View ( Grid / List )\nLock Mode",
			"fitur": "Full Display Picture\nBlock Read Status\nHide Floating Action Button\nTop Bottom Maintab\nContact View ( Grid / List )\nLock Mode",
			"base": "v3.3.6.51",
			"modder": "Abdul Rahman",
			"clone": "null",
			"unclone": "https://drive.google.com/uc?export=download&id=0B9IuFC-3w7CkY0Foa3lDdHlNNHM",
			"img": "https://2.bp.blogspot.com/-HwSQ5y7FQ_c/WXr8tH1ZwAI/AAAAAAAAAIo/R1qcyFzAj_MFeJcDMxJLbzn5NDLsQbS2ACLcBGAs/s640/combine_images.jpg"
		},
		{	
			"avatar": "http://bit.ly/2mPHbzc",
			"judul": "LIKE IOS BETA",
			"changelog": "BETA VERSION v300.3.7.98",
			"fitur": "Full Display Picture (DP No Crop)\nTab Layout Position\nBlock Read Status\nHide Fab New Chat\nNo Ads",
			"base": "BETA VERSION v300.3.7.98",
			"modder": "Ryan Chou",
			"clone": "null",
			"unclone": "https://drive.google.com/uc?export=download&id=0B-gat4kyD-89QXJueW5MSkFOWVU",
			"img": "https://2.bp.blogspot.com/-Nh5C3f6gSyA/WXr5hIC7yvI/AAAAAAAAAIc/BhvxZv8sCd01LR-I0tOqAJMKRCZqQBjMQCLcBGAs/s640/combine_images.jpg"
		},
		{	
			"avatar": "null",	
			"judul": "BBM OFFICIAL MOD",
			"changelog": "Update Base v3.3.6.51",
			"fitur": "Show/hide FBUI\nFull Display Picture (DP No Crop)\nAutotext aka Bom PING\nSave Timed Message Picture\nTab Layout Position\nBlock Read Status\nHide Fab New Chat\nNo Ads",
			"base": "v3.3.6.51",
			"modder": "IzoNeto InGin CiNtamu",
			"clone": "http://www.mediafire.com/file/emcs08axpb6hc1f/BBM2_3.3.6.51_OfficialMod_Clone%5BIzoNeto%5D.apk",
			"unclone": "http://www.mediafire.com/file/vaa9at44fndcf3i/BBM_3.3.6.51_OfficialMod_Unclone%5BIzoNeto%5D.apk",
			"img": "https://1.bp.blogspot.com/-3QWUpewaNN0/WW7I5dHIHpI/AAAAAAAAAHo/HPz7Nqm_kQUm9vwcANnOZlF8LuAvx6v2wCLcBGAs/s640/1.jpg"
		},
		{	
			"avatar": "http://bit.ly/BAYUPP",	
			"judul": "B-IOS BUBBLE STANDAR",
			"changelog": "Update Base v3.3.6.51",
			"fitur": "Show/hide FBUI\nFull Display Picture (DP No Crop)\nFlexible Rounded DP\nHide Inbox Notification\nAutotext aka Bom PING\nSave Timed Message Picture\nTab Layout Position\nBlock Read Status\nHide Fab New Chat\nNo Ads",
			"base": "v3.3.6.51",
			"modder": "Bayu Parwata",
			"clone": "null",
			"unclone": "https://app.box.com/s/i5536nelk4dwsdi3upv3fr2gvwnzyyp5",
			"img": "https://3.bp.blogspot.com/-zYVufjkUHxo/WWNyjt7revI/AAAAAAAAAGM/7B0lzjn-eksI5rgg65omT--PCwzL6zgswCLcBGAs/s640/B.jpg"
		},
		{	
			"avatar": "http://bit.ly/BAYUPP",	
			"judul": "B-IOS BUBBLE STANDAR",
			"changelog": "Update Base v3.3.6.51",
			"fitur": "Show/hide FBUI\nFull Display Picture (DP No Crop)\nFlexible Rounded DP\nHide Inbox Notification\nAutotext aka Bom PING\nSave Timed Message Picture\nTab Layout Position\nBlock Read Status\nHide Fab New Chat\nNo Ads",
			"base": "v3.3.6.51",
			"modder": "Bayu Parwata",
			"clone": "null",
			"unclone": "https://app.box.com/s/1sbfuaf4l21jxmd39qhpbd9nxezgd3hm",
			"img": "https://3.bp.blogspot.com/-p9elrre2Xes/WWNyPbFFS9I/AAAAAAAAAGI/LWX9DMXqoQAF1ERewTG96_PAWy8tcb5rwCLcBGAs/s640/A.jpg"
		},
		{
			"avatar": "http://bit.ly/AAHPP",
			"judul": "BLACK",
			"changelog": "Update Base v3.3.6.51\nFull DP\nBlockRead\nMaintab Option\nBombPing\nLock Mode\nPrivate Mode\nRunning PM\nGrid Contact\nAutomatic Lock",
			"fitur": "Hide Ads\nFull DP\nBlockRead\nMaintab Option\nBombPing\nLock Mode\nPrivate Mode\nRunning PM\nGrid Contact\nAutomatic Lock",
			"base": "v3.3.6.51",
			"modder": "Andi Abdi Hadi",
			"clone": "http://www21.zippyshare.com/v/vRuRm4kx/file.html",
			"unclone": "http://www19.zippyshare.com/v/ocQJXScf/file.html",
			"img": "https://1.bp.blogspot.com/-0njUuPUcMTw/WPXasJEylEI/AAAAAAAAB_U/VD2NgVF1X1cwMvxqK3wXSmE7QOMJqodRQCLcB/s640/1.jpg"
		},
		{	
			"avatar": "null",
			"judul": "BBM UNGU",
			"changelog": "penambahan change background DAN animasi salju fitur",
			"fitur": "Full Display Picture (DP No Crop)\nTab Layout Position\nBlock Read Status\nHide Fab New Chat\nNo Ads",
			"base": "v3.3.6.51",
			"modder": "Zamie Azro",
			"clone": "null",
			"unclone": "https://drive.google.com/uc?export=download&id=0B1l2n04AdX4HMXNWUno4TTY1Y1k",
			"img": "https://2.bp.blogspot.com/-xcp7vNoaowY/WVsnolEMFlI/AAAAAAAAAEs/0CyNRifHWI8y3rY9vy0MEPf_rHmGyTWdwCLcBGAs/s640/2.jpg"
		},
		{	
			"avatar": "http://bit.ly/2mPHbzc",
			"judul": "LIKE IOS EMOTICON BUBBLE STD",
			"changelog": "Update Base v3.3.5.49, New icon and new Buble",
			"fitur": "Full Display Picture (DP No Crop)\nTab Layout Position\nBlock Read Status\nHide Fab New Chat\nNo Ads",
			"base": "v3.3.5.49",
			"modder": "Ryan Chou",
			"clone": "null",
			"unclone": "https://drive.google.com/open?id=0B-gat4kyD-89QUpoUFVqUUNrNDQ",
			"img": "https://4.bp.blogspot.com/-EBUoc_oN9ig/WSeQ0d7ifCI/AAAAAAAACJ8/VJenRIIHj984S4lnfLjMK9N9OGil_kNLwCLcB/s640/0.jpg"
		},
		{	
			"avatar": "http://bit.ly/2mPHbzc",
			"judul": "LIKE IOS EMOTICON BUBBLE IOS GREEN",
			"changelog": "Update Base v3.3.5.49, New icon and new Buble",
			"fitur": "Full Display Picture (DP No Crop)\nTab Layout Position\nBlock Read Status\nHide Fab New Chat\nNo Ads",
			"base": "v3.3.5.49",
			"modder": "Ryan Chou",
			"clone": "null",
			"unclone": "https://drive.google.com/open?id=0B-gat4kyD-89Tk55aXR4bWtlUzg",
			"img": "https://4.bp.blogspot.com/-EBUoc_oN9ig/WSeQ0d7ifCI/AAAAAAAACJ8/VJenRIIHj984S4lnfLjMK9N9OGil_kNLwCLcB/s640/0.jpg"
		},
		{
			"avatar": "http://bit.ly/AZHARR",
			"judul": "MI-CLOUD",
			"changelog": "Update Base v3.3.5.49\nAdd New Change Animation\nOn/Off Full DP\nOn/Off Big DP on drawer\nDual Mode Profile\nBlock Read Status\nHide/Show Floating Action Button\nPrivate Mode\nTop/Bottom Main Tab\nAutotext a.k.a BOM PING!!!\nAnd many more..",
			"fitur": "Add New Change Animation\nOn/Off Full DP\nOn/Off Big DP on drawer\nDual Mode Profile\nBlock Read Status\nHide/Show Floating Action Button\nPrivate Mode\nTop/Bottom Main Tab\nAutotext a.k.a BOM PING!!!\nAnd many more..",
			"base": "v3.3.5.49",
			"modder": "Azhar Rivaldi",
			"clone": "null",
			"unclone": "https://drive.google.com/uc?export=download&id=0B9gWXjy6JYVob0pVTDNwWTg5LVk",
			"img": "https://1.bp.blogspot.com/-aO7z07b2of4/WUX1CenbSQI/AAAAAAAAAEc/SzAjoClUXsULxZNMa5osUPkdCVIEVb5bwCLcBGAs/s640/2.jpg"
		},
		{
			"avatar": "http://bit.ly/ANDRYPP",
			"judul": "BBM TEGRAM",
			"changelog": "Update Base v3.3.5.49",
			"fitur": "Full Display Picture (DP No Crop)\nFlexible Rounded DP\nAutotext aka Bom PING\nTab Layout Position\nBlock Read Status\nHide Fab New Chat\nNo Ads",
			"base": "v3.3.5.49",
			"modder": "Andry Gibh Q",
			"clone": "http://www.mediafire.com/file/y77swete8jc3czc/BBM_TeGram_v3.3.5.49%5BCLONE%5D.apk",
			"unclone": "http://www.mediafire.com/file/0hldnnomrly0c7t/BBM_TeGram_v3.3.5.49%5BUNCLONE%5D.apk",
			"img": "https://2.bp.blogspot.com/-uF0Apz-eFzs/WUSb3JIcuDI/AAAAAAAAAEM/axtvXAPuhi4YRR8fGQzB7rujGQzqaR5FwCLcBGAs/s640/TG.jpg"
		},
		{
			"avatar": "http://bit.ly/AAHPP",
			"judul": "BBM OFFICIAL MOD",
			"changelog": "Update Base v3.3.5.49\nFull DP\nBlockRead\nMaintab Option\nBombPing\nRunning PM\nGrid Contact",
			"fitur": "Hide Ads\nFull DP\nBlockRead\nMaintab Option\nBombPing\nRunning PM\nGrid Contact",
			"base": "v3.3.5.49",
			"modder": "Andi Abdi Hadi",
			"clone": "null",
			"unclone": "http://www1.zippyshare.com/v/E0yG6Qr0/file.html",
			"img": "https://4.bp.blogspot.com/-0wcJ2Tw4w54/WUSXxPSGZAI/AAAAAAAAAEA/ptgXhmaS97Ak-8mzKqQQ8_XWh8fCUG-DgCLcBGAs/s640/5.49.jpg"
		},
		{
			"avatar": "http://bit.ly/ANDRYPP",
			"judul": "CANDYLIGHT",
			"changelog": "Update Base v3.3.5.49",
			"fitur": "Full Display Picture (DP No Crop)\nFlexible Rounded DP\nAutotext aka Bom PING\nTab Layout Position\nBlock Read Status\nHide Fab New Chat\nNo Ads",
			"base": "v3.3.5.49",
			"modder": "Andry Gibh Q",
			"clone": "http://www.mediafire.com/file/vj3o6bntsmtz1j7/BBM_CandyLight_v3.3.5.49%5BCLONE%5D.apk",
			"unclone": "http://www.mediafire.com/file/mtpbmclgbyon87m/BBM_CandyLight_v3.3.5.49%5BUNCLONE%5D.apk",
			"img": "https://4.bp.blogspot.com/-5iFOvXdIedw/WUOz-9sX57I/AAAAAAAAADw/fLZOMI3u73kZShiIqn9pxAFA4D6DX3dIwCLcBGAs/s640/CANDYL.jpg"
		},
		{
			"avatar": "null",
			"judul": "BLACKID",
			"changelog": "",
			"fitur": "Custom Theme (Dark, Black, Transparent)\nColor Scheme\nColoring System Bar (>Lolipop)\nDP No Crop\nSave Timed Picture\nBlock Read Status\nContact View (Grid and List)\nCustom Bubble Chat\nColoring, Position and Visibility Tab Layout\nPosition and Visibility Chat Filter\nChange Notification, Connected, No Service, PING and Chat Title Text\nAuto Text",
			"base": "All Base",
			"modder": "Leonardus Bayu Guntoro",
			"clone": "https://www.mediafire.com/folder/21rjvmob1ct24/blackID+BBM",
			"unclone": "https://www.mediafire.com/folder/21rjvmob1ct24/blackID+BBM",
			"img": "https://4.bp.blogspot.com/-8ZKMoFibHNc/WTtTkIs8XMI/AAAAAAAAADc/nzUKI_emLRoYFmiqNNY2fcZw0_xc7C67ACLcB/s640/BLACKID.jpg"
		},
		{
			"avatar": "https://goo.gl/46bZWw",
			"judul": "DELUXE v2.1.0",
			"changelog": "Fix Bug",
			"fitur": "Custom Theme (Dark, Black, Transparent)\nColor Scheme\nColoring System Bar (>Lolipop)\nDP No Crop\nSave Timed Picture\nBlock Read Status\nContact View (Grid and List)\nCustom Bubble Chat\nColoring, Position and Visibility Tab Layout\nPosition and Visibility Chat Filter\nChange Notification, Connected, No Service, PING and Chat Title Text\nAuto Text",
			"base": "v3.3.4.48",
			"modder": "DELTALABS",
			"clone": "https://sendit.cloud/1ka3fzlxp792",
			"unclone": "https://sendit.cloud/iopkaaxf5beu",
			"img": "https://2.bp.blogspot.com/-I5JjRKd-DlY/WTjni08n2qI/AAAAAAAAABE/aZ-sWhDsfFYmxNiYY-wVkGooWT_1IqqcgCLcB/s640/DELUXE201.png"
		},
		{
			"avatar": "http://bit.ly/AAHPP",
			"judul": "DARK NAVY",
			"changelog": "Update Base v3.3.4.48\nFull DP\nBlockRead\nMaintab Option\nBombPing\nLock Mode\nPrivate Mode\nRunning PM\nGrid Contact\nAutomatic Lock",
			"fitur": "Hide Ads\nFull DP\nBlockRead\nMaintab Option\nBombPing\nLock Mode\nPrivate Mode\nRunning PM\nGrid Contact\nAutomatic Lock",
			"base": "v3.3.4.48",
			"modder": "Andi Abdi Hadi",
			"clone": "null",
			"unclone": "http://www31.zippyshare.com/v/tloJ2JyT/file.html",
			"img": "https://2.bp.blogspot.com/-hTiR5N7v5FU/WTdhUw4r-rI/AAAAAAAACOY/OMyySZQF6dAp2Q2D9MUZR7ZXbKusMJ-DgCLcB/s640/DN.jpg"
		},
		{
			"avatar": "https://goo.gl/46bZWw",
			"judul": "DELUXE v2.0.0",
			"changelog": "Update Base v3.3.4.48\nEdge Theme\nEncrypt Chat",
			"fitur": "Custom Theme (Dark, Black, Transparent)\nColor Scheme\nColoring System Bar (>Lolipop)\nDP No Crop\nSave Timed Picture\nBlock Read Status\nContact View (Grid and List)\nCustom Bubble Chat\nColoring, Position and Visibility Tab Layout\nPosition and Visibility Chat Filter\nChange Notification, Connected, No Service, PING and Chat Title Text\nAuto Text",
			"base": "v3.3.4.48",
			"modder": "DELTALABS",
			"clone": "https://bitbucket.org/deltalabs/deluxe/raw/f39fb075c3a09995e09d29b97ac3d34968ee5353/CLONE_DELUXE_v2.0.0.apk",
			"unclone": "https://bitbucket.org/deltalabs/deluxe/raw/342c0789b5114f17e3c87ed033743f1095d04feb/UNCLONE_DELUXE_v2.0.0.apk",
			"img": "https://4.bp.blogspot.com/-yMWrhbAad_I/WTbLFmlF87I/AAAAAAAAAJs/_pSmvjCVijkWKvgQUZN1al20aw1W3CrAACLcB/s640/AFFIX_20170606_222737.png"
		},
		{
			"avatar": "http://bit.ly/ABDULR",
			"judul": "AR-WHATSAPP",
			"changelog": "Update Base v3.3.4.48",
			"fitur": "Autotext aka Bom PING\nSave Timed Message Picture\nTab Layout Position\nBlock Read Status\nHide Fab New Chat\nNo Ads",
			"base": "v3.3.4.48",
			"modder": "Abdul Rahman",
			"clone": "null",
			"unclone": "https://drive.google.com/uc?export=download&id=0Bx2VS1miH6iRQU5Nd2VBaTRKenM",
			"img": "https://2.bp.blogspot.com/-S5AakjJnraE/WTEOMIH3C9I/AAAAAAAACMw/3LbLFxI0WFMWWyP11NUVTr-IDIpqH9vywCLcB/s640/1.jpg"
		},
		{	
			"avatar": "https://github.com/DeltalabsStudio/api/blob/master/avatar/DHYKA.jpg?raw=true",
			"judul": "LIGHT MATNYONG",
			"changelog": "Update Base v3.3.4.48",
			"fitur": "Full Display Picture (DP No Crop)\nTab Layout Position\nBlock Read Status\nHide Fab New Chat\nNo Ads\nAnd More",
			"base": "v3.3.4.48",
			"modder": "Dhyka Anggara",
			"clone": "null",
			"unclone": "https://drive.google.com/uc?export=download&id=0BxoArqYM0dzhN0JUZVZTaEw4M00",
			"img": "https://2.bp.blogspot.com/-Lj66Uwf-g-Q/WS4mLI6kBzI/AAAAAAAACMI/lzgLTqrAFzoAwENIWORPRkQV4hdAi9f8QCLcB/s640/SS.jpg"
		},
		{	
			"avatar": "http://bit.ly/ABIEMPP",
			"judul": "LE6END DARK",
			"changelog": "Update Base v3.3.4.48",
			"fitur": "Full Display Picture (DP No Crop)\nTab Layout Position\nBlock Read Status\nHide Fab New Chat\nNo Ads",
			"base": "v3.3.4.48",
			"modder": "Abiem Prasetya",
			"clone": "null",
			"unclone": "https://drive.google.com/uc?export=download&id=0B2MqNuvwpHU_V05yY0ZoTm9UUVU",
			"img": "https://1.bp.blogspot.com/-ZyMp2IXTYEo/WS4kkyETfUI/AAAAAAAACL8/TG-W1ZdnDkwvnotuNK5Lq-6DDlXsrsPjQCLcB/s640/LE6END.jpg"
		},
		{
			"avatar": "http://bit.ly/AAHPP",
			"judul": "WHITE",
			"changelog": "Update Base v3.3.4.48",
			"fitur": "Hide Ads\nFull DP\nBlockRead\nMaintab Option\nBombPing\nLock Mode\nPrivate Mode\nRunning PM\nGrid Contact\nAutomatic Lock",
			"base": "v3.3.4.48",
			"modder": "Andi Abdi Hadi",
			"clone": "http://www20.zippyshare.com/v/NzyJSjNB/file.html",
			"unclone": "http://www20.zippyshare.com/v/tOmXM557/file.html",
			"img": "https://4.bp.blogspot.com/-PKDIJjD8aoU/WSvWOTQ_r6I/AAAAAAAACLo/z59QRHJuiisGwzjNENLcsYWb0LGThW-ZACLcB/s640/1.jpg"
		},
		{
			"avatar": "https://github.com/DeltalabsStudio/api/blob/master/avatar/RIKRIR.jpg?raw=true",
			"judul": "MULTI BBM BBM2 BBM3 BBM4",
			"changelog": "Update Base v3.3.4.48",
			"fitur": "",
			"base": "v3.3.4.48",
			"modder": "Rikri Rikardo",
			"clone": "https://www.mediafire.com/folder/w4jc026js7lqa/Versi-3.3.4.48-NewFixed",
			"unclone": "https://www.mediafire.com/folder/w4jc026js7lqa/Versi-3.3.4.48-NewFixed",
			"img": "https://github.com/DeltalabsStudio/ss/blob/master/MULTI.jpg?raw=true"
		},
		{
			"avatar": "null",
			"judul": "RETROIT LIGHT V1.5",
			"changelog": "Update Base v3.3.3.39",
			"fitur": "Hide Ads\nFull DP\nBlockRead\nMaintab Option\nBombPing\nLock Mode\nPrivate Mode\nRunning PM\nGrid Contact\nAutomatic Lock",
			"base": "v3.3.3.39",
			"modder": "Mas Ka",
			"clone": "null",
			"unclone": "http://www85.zippyshare.com/v/b4hhABta/file.html",
			"img": "https://1.bp.blogspot.com/-2ms37xKkDxk/WSo2NOvcIvI/AAAAAAAACLM/WWJDO-312NIeiu_jdy6vUe7QegoWAQ0UACLcB/s640/0.jpg"
		},
		{	
			"avatar": "http://bit.ly/2mPHbzc",
			"judul": "LIKE IOS EMOTICON BUBBLE IOS",
			"changelog": "Update Base v3.3.4.48",
			"fitur": "Full Display Picture (DP No Crop)\nTab Layout Position\nBlock Read Status\nHide Fab New Chat\nNo Ads",
			"base": "v3.3.4.48",
			"modder": "Ryan Chou",
			"clone": "null",
			"unclone": "https://drive.google.com/uc?export=download&id=0B-gat4kyD-89Zk0wNlBLMTF0TDA",
			"img": "https://4.bp.blogspot.com/-EBUoc_oN9ig/WSeQ0d7ifCI/AAAAAAAACJ8/VJenRIIHj984S4lnfLjMK9N9OGil_kNLwCLcB/s640/0.jpg"
		},
		{	
			"avatar": "http://bit.ly/2mPHbzc",
			"judul": "LIKE IOS EMOTICON BUBBLE STD",
			"changelog": "Update Base v3.3.4.48",
			"fitur": "Full Display Picture (DP No Crop)\nTab Layout Position\nBlock Read Status\nHide Fab New Chat\nNo Ads",
			"base": "v3.3.4.48",
			"modder": "Ryan Chou",
			"clone": "null",
			"unclone": "https://drive.google.com/uc?export=download&id=0B-gat4kyD-89WUtSaGpEQXpQZHc",
			"img": "https://4.bp.blogspot.com/-EBUoc_oN9ig/WSeQ0d7ifCI/AAAAAAAACJ8/VJenRIIHj984S4lnfLjMK9N9OGil_kNLwCLcB/s640/0.jpg"
		},
		{
			"avatar": "null",
			"judul": "DARK WOOD",
			"changelog": "Base v3.3.4.48",
			"fitur": "Hide Ads\nFull DP\nBlockRead\nMaintab Option\nBombPing\nLock Mode\nPrivate Mode\nRunning PM\nGrid Contact\nAutomatic Lock",
			"base": "v3.3.4.48",
			"modder": "Mifta Hry",
			"clone": "null",
			"unclone": "https://drive.google.com/uc?export=download&id=0B5kCMxSCL86QOVhxVkZOYnA1TTA",
			"img": "https://2.bp.blogspot.com/--3cjUO2U2VY/WSePRBvvu_I/AAAAAAAACJw/avx3X7YxGuUBpL4uaedtHjkjX302NuuDgCLcB/s640/DW.jpg"
		},
		{
			"avatar": "http://bit.ly/AAHPP",
			"judul": "BLACK",
			"changelog": "Update Base v3.3.4.48",
			"fitur": "Hide Ads\nFull DP\nBlockRead\nMaintab Option\nBombPing\nLock Mode\nPrivate Mode\nRunning PM\nGrid Contact\nAutomatic Lock",
			"base": "v3.3.4.48",
			"modder": "Andi Abdi Hadi",
			"clone": "http://www82.zippyshare.com/v/0fkjGTzR/file.html",
			"unclone": "http://www82.zippyshare.com/v/DZL5kHdK/file.html",
			"img": "https://github.com/DeltalabsStudio/ss/blob/master/BLACK.jpg?raw=true"
		},
		{
			"avatar": "http://bit.ly/ANDRYPP",
			"judul": "BBM TEGRAM",
			"changelog": "Update Base v3.3.4.48",
			"fitur": "Full Display Picture (DP No Crop)\nFlexible Rounded DP\nAutotext aka Bom PING\nTab Layout Position\nBlock Read Status\nHide Fab New Chat\nNo Ads",
			"base": "v3.3.4.48",
			"modder": "Andry Gibh Q",
			"clone": "http://www.mediafire.com/file/z4yya6p4ybc6s2s/BBM_TeGram_v3.3.4.48%5BCLONE%5D.apk",
			"unclone": "http://www.mediafire.com/file/v8h6r99hdio229k/BBM_TeGram_v3.3.4.48%5BUNCLONE%5D.apk",
			"img": "https://1.bp.blogspot.com/-2neH278HTeI/WR67QKyBHsI/AAAAAAAACJE/03L9C7SrX-kt3-vgVPoEo-XyVDg98AZ-QCLcB/s640/1.jpg"
		},
		{
			"avatar": "http://bit.ly/FAHMIPP",
			"judul": "NAV-CHAT SWEET PINK",
			"changelog": "Update Base v3.3.4.48",
			"fitur": "Hide/Show Ads Content\nFull Display Picture\nBlock Read Status\nHide/Show FAB\nTop/Bottom Main Tab\nTop/Bottom Chat Filter\nHide/Show Chat Filter\nGrid Contact View\nColum Grid",
			"base": "v3.3.4.48",
			"modder": "Nami Abdi Fahmy",
			"clone": "null",
			"unclone": "https://drive.google.com/uc?export=download&id=0B7XvbXW56l4YS29VSjF4TlpuS3c",
			"img": "https://1.bp.blogspot.com/-4VW3ApOHIi4/WR4qklfKYzI/AAAAAAAAZ2A/FRDa99wtY4Yvb_J3Nl80Ri5LhtdG4aQzACLcB/s640/AFFIX_20170519_054957.png"
		},
		{
			"avatar": "https://goo.gl/46bZWw",
			"judul": "DELUXE v1.1.0",
			"changelog": "Update Base v3.3.3.39\nSwitchable Icon Tab with Delight Icon\nVisibility Timed Message View\nAutomatic Change Display Picture\nBlock Read with Hiden Badge",
			"fitur": "Custom Theme (Dark, Black, Transparent)\nColor Scheme\nColoring System Bar (>Lolipop)\nDP No Crop\nSave Timed Picture\nBlock Read Status\nContact View (Grid and List)\nCustom Bubble Chat\nColoring, Position and Visibility Tab Layout\nPosition and Visibility Chat Filter\nChange Notification, Connected, No Service, PING and Chat Title Text\nAuto Text",
			"base": "v3.3.3.39",
			"modder": "DELTALABS",
			"clone": "https://drive.google.com/uc?export=download&id=0B4nATEd3Qs7geFVtZ1JBQ2g3OWM",
			"unclone": "https://drive.google.com/uc?export=download&id=0B4nATEd3Qs7gT3pXWmk2S09UQ0k",
			"img": "https://4.bp.blogspot.com/--0wI7PSr8b4/WRg4KGknw-I/AAAAAAAAAHE/rTR1DSJZJjMVVYTbsNedaiI2s8d4eTkqQCLcB/s640/DELUXE%2Bv1.1.0.png"
		},
		{
			"avatar": "http://bit.ly/FAHMIPP",
			"judul": "IMESSLITE v1.2.0",
			"changelog": "Update Base v3.3.3.39",
			"fitur": "Hide/Show Ads Content\nFull Display Picture\nBlock Read Status\nHide/Show FAB\nTop/Bottom Main Tab\nTop/Bottom Chat Filter\nHide/Show Chat Filter\nGrid Contact View\nColum Grid",
			"base": "v3.3.3.39",
			"modder": "Nami Abdi Fahmy",
			"clone": "null",
			"unclone": "https://drive.google.com/uc?export=download&id=0B7XvbXW56l4YajRUNlRQVzFhdU0",
			"img": "https://1.bp.blogspot.com/-bCDFUiHNf30/WRfCI8S8T9I/AAAAAAAACIk/lPhjeX1g7H8nk36U7sX_G1AFIaDz1xCYQCLcB/s640/IMESLITE.png"
		},
		{
			"avatar": "http://bit.ly/AAHPP",
			"judul": "DARK NAVY",
			"changelog": "Update Base v3.3.3.39\nHide Ads\nFull DP\nBlockRead\nMaintab Option\nBombPing\nLock Mode\nPrivate Mode\nRunning PM\nGrid Contact\nAutomatic Lock",
			"fitur": "Hide Ads\nFull DP\nBlockRead\nMaintab Option\nBombPing\nLock Mode\nPrivate Mode\nRunning PM\nGrid Contact\nAutomatic Lock",
			"base": "v3.3.3.39",
			"modder": "Andi Abdi Hadi",
			"clone": "http://www1.zippyshare.com/v/psywaBJS/file.html",
			"unclone": "http://www2.zippyshare.com/v/hUNAbbRq/file.html",
			"img": "https://2.bp.blogspot.com/-3-SgmR7Wdwo/WRWAeLacZQI/AAAAAAAACIA/iDKlsfMJQiARVIyqjOr7j8rHz6BLLdX0wCLcB/s640/DN.jpg"
		},
		{
			"avatar": "http://bit.ly/FAHMIPP",
			"judul": "IMESSLITE",
			"changelog": "Update Base v3.3.3.39",
			"fitur": "Hide/Show Ads Content\nFull Display Picture\nBlock Read Status\nHide/Show FAB\nTop/Bottom Main Tab\nTop/Bottom Chat Filter\nHide/Show Chat Filter\nGrid Contact View\nColum Grid",
			"base": "v3.3.3.39",
			"modder": "Nami Abdi Fahmy",
			"clone": "null",
			"unclone": "https://drive.google.com/uc?export=download&id=0B7XvbXW56l4YWjBtaFhDMjJtak0",
			"img": "https://3.bp.blogspot.com/-w8v3MXKxCuM/WRWBUy_f_NI/AAAAAAAACII/VWZ3_FtWgA4P9emLRKAerbSZ8v2z_amHgCLcB/s640/IMESLITE.png"
		}
	]
}
