{
	"page": "2",
	"total": "next",
	"post": [
		{
			"avatar": "http://bit.ly/RIDWANPP",
			"judul": "PAPER",
			"changelog": "Update Base v3.3.3.39",
			"fitur": "Full Display Picture (DP No Crop)\nAutotext aka Bom PING\nTab Layout Position\nBlock Read Status\nHide Fab New Chat\nNo Ads",
			"base": "v3.3.3.39",
			"modder": "Ridwan Arifin",
			"clone": "null",
			"unclone": "https://drive.google.com/uc?export=download&id=0B2rArut_h_doVXFsa1I4cWhtOUU",
			"img": "https://2.bp.blogspot.com/-iDCdCk79buc/WRP6F2L5fHI/AAAAAAAACHo/aLf3agxVmmghaQ3g3z1v5Hl0Dl7LzVefgCEw/s640/PAPER.png"
		},
		{
			"avatar": "http://bit.ly/RIDWANPP",
			"judul": "HELLO KITTY",
			"changelog": "Update Base v3.3.3.39",
			"fitur": "Full Display Picture (DP No Crop)\nAutotext aka Bom PING\nTab Layout Position\nBlock Read Status\nHide Fab New Chat\nNo Ads",
			"base": "v3.3.3.39",
			"modder": "Ridwan Arifin",
			"clone": "null",
			"unclone": "https://drive.google.com/uc?export=download&id=0B2rArut_h_dodUdDUGhKbUZkTmM",
			"img": "https://4.bp.blogspot.com/-r9qmvLIYokk/WRP6FgBtzXI/AAAAAAAACHo/EyNONV8XoWM0Ig1R5bGtDhgrfYOh7sakwCEw/s640/HELLO%2BKITTY.png"
		},
		{
			"avatar": "http://bit.ly/RIDWANPP",
			"judul": "DORAEMON",
			"changelog": "Update Base v3.3.3.39",
			"fitur": "Full Display Picture (DP No Crop)\nAutotext aka Bom PING\nTab Layout Position\nBlock Read Status\nHide Fab New Chat\nNo Ads",
			"base": "v3.3.3.39",
			"modder": "Ridwan Arifin",
			"clone": "null",
			"unclone": "https://drive.google.com/uc?export=download&id=0B2rArut_h_doVS1oZTM3azB6STA",
			"img": "https://3.bp.blogspot.com/-FH2zmeQ9gS4/WRP5_sfXLzI/AAAAAAAACHc/2a5GLKqMO88hSdM7dhS4FlaFeCWT9sa-QCLcB/s640/DORAEMON.png"
		},
		{
			"avatar": "http://bit.ly/ANDRYPP",
			"judul": "CANDYLIGHT",
			"changelog": "Update Base v3.3.3.39",
			"fitur": "Full Display Picture (DP No Crop)\nFlexible Rounded DP\nAutotext aka Bom PING\nTab Layout Position\nBlock Read Status\nHide Fab New Chat\nNo Ads",
			"base": "v3.3.3.39",
			"modder": "Andry Gibh Q",
			"clone": "http://bit.ly/2pgGwYo",
			"unclone": "http://www.mediafire.com/file/aox4wn0cx7blrzy/BBM_CandyLight_v3.3.3.39+%5BUNCLONE%5D.apk",
			"img": "https://1.bp.blogspot.com/-dgelO_gNXB0/WQ_uPoaS6LI/AAAAAAAACHA/fuhv_zZH32cYUnfKC3BpSqNQEDKPZ0hqgCLcB/s640/1.jpg"
		},
		{
			"avatar": "http://bit.ly/ANDRYPP",
			"judul": "BBM TEGRAM",
			"changelog": "Update Base v3.3.3.39",
			"fitur": "Full Display Picture (DP No Crop)\nFlexible Rounded DP\nAutotext aka Bom PING\nTab Layout Position\nBlock Read Status\nHide Fab New Chat\nNo Ads",
			"base": "v3.3.3.39",
			"modder": "Andry Gibh Q",
			"clone": "http://www.mediafire.com/file/xd4p6elmnwbzl14/BBM_Tegram_v3.3.3.39%5BCLONE%5D.apk",
			"unclone": "http://www.mediafire.com/file/6sck4317978vntu/BBM_Tegram_v3.3.3.39%5BUNCLONE%5D.apk",
			"img": "https://3.bp.blogspot.com/-MgEyvHdl7Vs/WQ_tjA0YhxI/AAAAAAAACG4/D9_SUTskEpMZGa-MWhazmWJfatdk4bDJwCLcB/s640/1.jpg"
		},
		{
			"avatar": "http://bit.ly/RICHIEPP",
			"judul": "BBM WHATSAPP",
			"changelog": "Update Base v3.3.3.39",
			"fitur": "Full Display Picture (DP No Crop)\nFlexible Rounded DP\nAutotext aka Bom PING\nTab Layout Position\nBlock Read Status\nHide Fab New Chat\nNo Ads",
			"base": "v3.3.3.39",
			"modder": "Richie Evan II",
			"clone": "null",
			"unclone": "https://drive.google.com/uc?export=download&id=0B_GD8xnwy3wTbmJFZEdpSDFGVUE",
			"img": "https://4.bp.blogspot.com/-3LMwt5tvgv4/WQ8Jm5HwSKI/AAAAAAAACGc/1pxCpo8ZcK4hScaMKic6FQe9LB3H2-AGQCLcB/s640/1.jpg"
		},
		{
			"avatar": "http://bit.ly/AAHPP",
			"judul": "OFFICIAL MOD",
			"changelog": "Update Base v3.3.3.39",
			"fitur": "Standart Fitur\nHide Chat Filter\nList or Grid Contact\nSet contact grid column\nAutolock",
			"base": "v3.3.3.39",
			"modder": "Andi Abdi Hadi",
			"clone": "http://www107.zippyshare.com/v/Be9zE8bc/file.html",
			"unclone": "http://www92.zippyshare.com/v/AFUEoRfv/file.html",
			"img": "https://2.bp.blogspot.com/-iXUQeJ6wZdg/WQ1jxpa36II/AAAAAAAACGA/3s2SsLR3OdAww1oUL60aHuotdD6AKDeQACLcB/s640/1.jpg"
		},
		{
			"avatar": "http://bit.ly/ABDULR",
			"judul": "AR-WHATSAPP",
			"changelog": "Full Display Picture\nBlock Read Status\nHide Floating Action Button\nTop Bottom Maintab\nContact View ( Grid / List )\nLock Mode",
			"fitur": "Full Display Picture\nBlock Read Status\nHide Floating Action Button\nTop Bottom Maintab\nContact View ( Grid / List )\nLock Mode",
			"base": "v3.3.2.31",
			"modder": "Abdul Rahman",
			"clone": "null",
			"unclone": "https://goo.gl/KEunZR",
			"img": "https://1.bp.blogspot.com/-ejnZT9x9Zlw/WQwAT-UMztI/AAAAAAAACFg/TcVM8k2-7jg67ZpJCgD1T0N4ecAAdQOAgCLcB/s640/WA.jpg"
		},
		{
			"avatar": "https://goo.gl/46bZWw",
			"judul": "DELUXE v1.0.0",
			"changelog": "Update base v3.3.2.31",
			"fitur": "Custom Theme (Dark, Black, Transparent)\nColor Scheme\nColoring System Bar (>Lolipop)\nDP No Crop\nSave Timed Picture\nBlock Read Status\nContact View (Grid and List)\nCustom Bubble Chat\nColoring, Position and Visibility Tab Layout\nPosition and Visibility Chat Filter\nChange Notification, Connected, No Service, PING and Chat Title Text\nAuto Text",
			"base": "v3.3.2.31",
			"modder": "DELTALABS",
			"clone": "https://drive.google.com/uc?export=download&id=0B4nATEd3Qs7gVVpSQkVKOXpsWXc",
			"unclone": "https://drive.google.com/uc?export=download&id=0B4nATEd3Qs7gMzBmWnZGZmxPeWc",
			"img": "https://3.bp.blogspot.com/-BLRDNcgbLMg/WQsn7GXKI6I/AAAAAAAAAGw/NA-k0WlpY4gYcxoHb4Gae381Vuexpg-GwCLcB/s640/DELUXE%2Bv1.0.0.png"
		},
		{
			"avatar": "null",
			"judul": "VESPA",
			"changelog": "Update base v3.3.2.31",
			"fitur": "Auto Change DP\nBlank Mode\nCustom Background\nBlock Read\nDP No Crop\nSave Time Picture\nShow Hide Floating Action Button\nBottom Main Bar",
			"base": "v3.3.2.31",
			"modder": "IBOX",
			"clone": "null",
			"unclone": "https://drive.google.com/uc?export=download&id=0B-TmdSdOG0h6cDFvX1NXVTV5TzA",
			"img": "https://1.bp.blogspot.com/-254bkrrZRbc/WQGYutDh2TI/AAAAAAAACC4/iM71LGlHTWAKj2Ig-vZntNFSe2GI4s9nwCLcB/s640/1.jpg"
		},
		{
			"avatar": "null",
			"judul": "SMOKE",
			"changelog": "Update base v3.3.2.31",
			"fitur": "Auto Change DP\nBlank Mode\nCustom Background\nBlock Read\nDP No Crop\nSave Time Picture\nShow Hide Floating Action Button\nBottom Main Bar",
			"base": "v3.3.2.31",
			"modder": "IBOX",
			"clone": "null",
			"unclone": "https://drive.google.com/uc?export=download&id=0B-TmdSdOG0h6UktGejRQZVRreEU",
			"img": "https://1.bp.blogspot.com/-LTPLPZQB7MI/WQGVqaeLWRI/AAAAAAAACCg/-2fHYXznlx4vivFnPWBuQGUe2V6kaJLyACLcB/s640/2.jpg"
		},
		{
			"avatar": "https://goo.gl/46bZWw",
			"judul": "DELIGHT v2.0.0",
			"changelog": "Update base v3.3.2.31",
			"fitur": "Minimalist Features",
			"base": "v3.3.2.31",
			"modder": "DELTALABS",
			"clone": "https://drive.google.com/uc?export=download&id=0B4nATEd3Qs7gcXZUVk1Fd29OUEU",
			"unclone": "https://drive.google.com/uc?export=download&id=0B4nATEd3Qs7gY0Vkbk1IZno2Vms",
			"img": "https://4.bp.blogspot.com/-k0h43Dvb_bQ/WP9-qA3PZdI/AAAAAAAACB0/9hvXFbR20KwExE4M4De3eIf4CQnL_81jwCLcB/s640/DELIGHT%2Bv2.0.0.png"
		},
		{
			"avatar": "https://goo.gl/46bZWw",
			"judul": "DELTA v4.3.0 CONTACT GRID",
			"changelog": "Update base v3.3.2.31\nIos Tab Icon\nColoring Tab Icon\nChat Filter Position",
			"fitur": "All Premium Features Available",
			"base": "v3.3.2.31",
			"modder": "DELTALABS",
			"clone": "https://bitbucket.org/deltalabs/deltabbm/raw/aefa19f7a5201ece2a4ef869a9c3bb528c349d3e/CLONE_DELTA_v4.3.0_GRID.apk",
			"unclone": "https://bitbucket.org/deltalabs/deltabbm/raw/b3195cdf709996adf69e74b92dbd785e8b162f20/UNCLONE_DELTA_v4.3.0_GRID.apk",
			"img": "https://3.bp.blogspot.com/-TtpghGjhOos/WPyUaoXpfnI/AAAAAAAAAEs/xKwV8ne5JGcSjnVLuoB0uDqgM7ThAIojQCLcB/s640/AFFIX_20170423_182354.png"
		},
		{
			"avatar": "https://goo.gl/46bZWw",
			"judul": "DELTA v4.3.0 CONTACT LIST",
			"changelog": "Update base v3.3.2.31\nIos Tab Icon\nColoring Tab Icon\nChat Filter Position",
			"fitur": "All Premium Features Available",
			"base": "v3.3.2.31",
			"modder": "DELTALABS",
			"clone": "https://bitbucket.org/deltalabs/deltabbm/raw/f8fd4c7c4929d62aaf4f882643d435386fea4324/CLONE_DELTA_v4.3.0.apk",
			"unclone": "https://bitbucket.org/deltalabs/deltabbm/raw/f8fd4c7c4929d62aaf4f882643d435386fea4324/UNCLONE_DELTA_v4.3.0.apk",
			"img": "https://3.bp.blogspot.com/-TtpghGjhOos/WPyUaoXpfnI/AAAAAAAAAEs/xKwV8ne5JGcSjnVLuoB0uDqgM7ThAIojQCLcB/s640/AFFIX_20170423_182354.png"
		},	
		{	
			"avatar": "http://bit.ly/BAYUPP",	
			"judul": "B-IOS",
			"changelog": "Update Base v3.3.2.31",
			"fitur": "Show/hide FBUI\nFull Display Picture (DP No Crop)\nFlexible Rounded DP\nHide Inbox Notification\nAutotext aka Bom PING\nSave Timed Message Picture\nTab Layout Position\nBlock Read Status\nHide Fab New Chat\nNo Ads",
			"base": "v3.3.2.31",
			"modder": "Bayu Parwata",
			"clone": "null",
			"unclone": "https://drive.google.com/uc?export=download&id=0B9khO1IDkWJ7dWU5bU0tTmIyTEE",
			"img": "https://1.bp.blogspot.com/-LiDIq3IIFR8/WPrv_B_QNWI/AAAAAAAACAo/v_v8xxtspxcMK49_I5RQgbKtw-COMerEwCLcB/s640/1.jpg"
		},
		{	
			"avatar": "http://bit.ly/2mPHbzc",
			"judul": "DARK OS",
			"changelog": "Update Base v3.3.2.31",
			"fitur": "Full Display Picture (DP No Crop)\nTab Layout Position\nBlock Read Status\nHide Fab New Chat\nNo Ads",
			"base": "v3.3.2.31",
			"modder": "Ryan Chou",
			"clone": "null",
			"unclone": "https://drive.google.com/uc?export=download&id=0B-gat4kyD-89UEM2MS03WUJPUUk",
			"img": "https://2.bp.blogspot.com/-MeBneiRXZdQ/WPc19z1BuPI/AAAAAAAACAM/_0kBJ_AZ6asI17icb5aBmQOy_IDXhvrCACLcB/s640/1.jpg"
		},
		{
			"avatar": "http://bit.ly/ABDULR",
			"judul": "AR-v8 LIST CONTACT",
			"changelog": "Update Base v3.3.2.31",
			"fitur": "Change Primary and Accent Color\nColoring Tab Layout, BBM Input Panel, Input Background\nChange Bubble Chat\nFull Display Picture (DP No Crop)\nFlexible Rounded DP\nHide Inbox Notification\nAutotext aka Bom PING\nSave Timed Message Picture\nTab Layout Position\nBlock Read Status\nHide Fab New Chat\nNo Ads",
			"base": "v3.3.2.31",
			"modder": "Abdul Rahman",
			"clone": "null",
			"unclone": "https://drive.google.com/uc?export=download&id=0Bx2VS1miH6iRNnNvSEpiMFB1eEk",
			"img": "https://2.bp.blogspot.com/-A6Wj9dGyF6w/WPbtwOlLGuI/AAAAAAAAB_w/ilMTynacEfMBgo9Xge-4gCoa88_5l-EpgCLcB/s640/1.jpg"
		},
		{
			"avatar": "http://bit.ly/ABDULR",
			"judul": "AR-v8 GRID CONTACT",
			"changelog": "Update Base v3.3.2.31",
			"fitur": "Change Primary and Accent Color\nColoring Tab Layout, BBM Input Panel, Input Background\nChange Bubble Chat\nFull Display Picture (DP No Crop)\nFlexible Rounded DP\nHide Inbox Notification\nAutotext aka Bom PING\nSave Timed Message Picture\nTab Layout Position\nBlock Read Status\nHide Fab New Chat\nNo Ads",
			"base": "v3.3.2.31",
			"modder": "Abdul Rahman",
			"clone": "null",
			"unclone": "https://drive.google.com/uc?export=download&id=0Bx2VS1miH6iRS0lfNk9IRWpvQWs",
			"img": "https://2.bp.blogspot.com/-A6Wj9dGyF6w/WPbtwOlLGuI/AAAAAAAAB_w/ilMTynacEfMBgo9Xge-4gCoa88_5l-EpgCLcB/s640/1.jpg"
		},
		{
			"avatar": "http://bit.ly/AAHPP",
			"judul": "BLACK",
			"changelog": "Update Base v3.3.2.31\nHide Ads\nFull DP\nBlockRead\nMaintab Option\nBombPing\nLock Mode\nPrivate Mode\nRunning PM\nGrid Contact\nAutomatic Lock",
			"fitur": "Hide Ads\nFull DP\nBlockRead\nMaintab Option\nBombPing\nLock Mode\nPrivate Mode\nRunning PM\nGrid Contact\nAutomatic Lock",
			"base": "v3.3.2.31",
			"modder": "Andi Abdi Hadi",
			"clone": "http://www115.zippyshare.com/v/Ro9TIX9D/file.html",
			"unclone": "http://www115.zippyshare.com/v/bWnWkPhT/file.html",
			"img": "https://1.bp.blogspot.com/-0njUuPUcMTw/WPXasJEylEI/AAAAAAAAB_U/VD2NgVF1X1cwMvxqK3wXSmE7QOMJqodRQCLcB/s640/1.jpg"
		},
		{
			"avatar": "http://bit.ly/AAHPP",
			"judul": "DARK NAVY",
			"changelog": "Update Base v3.3.2.31\nHide Ads\nFull DP\nBlockRead\nMaintab Option\nBombPing\nLock Mode\nPrivate Mode\nRunning PM\nGrid Contact\nAutomatic Lock",
			"fitur": "Hide Ads\nFull DP\nBlockRead\nMaintab Option\nBombPing\nLock Mode\nPrivate Mode\nRunning PM\nGrid Contact\nAutomatic Lock",
			"base": "v3.3.2.31",
			"modder": "Andi Abdi Hadi",
			"clone": "http://www65.zippyshare.com/v/w34jRNZU/file.html",
			"unclone": "http://www65.zippyshare.com/v/IBmKmJlG/file.html",
			"img": "https://4.bp.blogspot.com/--kNomOam274/WPBSLwqNx7I/AAAAAAAAB-0/tFtYKWAPZW4UNsY9ryfzRYdpQTey0V8PwCLcB/s640/1.jpg"
		},
		{	
			"avatar": "http://bit.ly/ABIEMPP",
			"judul": "JUVE - BLACK AND MORE",
			"changelog": "Update Base v3.3.2.31",
			"fitur": "Full Display Picture (DP No Crop)\nTab Layout Position\nBlock Read Status\nHide Fab New Chat\nNo Ads",
			"base": "v3.3.2.31",
			"modder": "Abiem Prasetya",
			"clone": "https://drive.google.com/uc?export=download&id=0BwcYlng030ANYU9wOS13SW5aWFU",
			"unclone": "https://drive.google.com/uc?export=download&id=0BwcYlng030ANdk9wd09ZQUZrSU0",
			"img": "https://scontent.fcgk6-1.fna.fbcdn.net/v/t1.0-9/17343003_1480284878662323_3563950900332488970_n.jpg?oh=5c5dda068c72a6080dedd06c46f58c3c&oe=596C0EFC"
		},
		{
			"avatar": "http://bit.ly/AAHPP",
			"judul": "WHITE",
			"changelog": "Update Base v3.3.2.31",
			"fitur": "Full dp\nBlockread\nAutotext\nMaintab position\nLock mode automatic\nHide ads",
			"base": "v3.3.2.31",
			"modder": "Andi Abdi Hadi",
			"clone": "http://www118.zippyshare.com/v/JwTGdwaT/file.html",
			"unclone": "http://www118.zippyshare.com/v/CDiQC7eD/file.html",
			"img": "https://1.bp.blogspot.com/-_VC09QwxPdQ/WO76srftM3I/AAAAAAAAB-E/Fl_Nb2aOShMvbH33USlvuEj4mKqysvlSwCLcB/s640/1.jpg"
		},
		{	
			"avatar": "http://bit.ly/2mPHbzc",
			"judul": "LIKE IOS",
			"changelog": "Update Base v3.3.2.31",
			"fitur": "Full Display Picture (DP No Crop)\nTab Layout Position\nBlock Read Status\nHide Fab New Chat\nNo Ads",
			"base": "v3.3.2.31",
			"modder": "Ryan Chou",
			"clone": "null",
			"unclone": "https://drive.google.com/uc?export=download&id=0B-gat4kyD-89cGh6MUlIWGFLeFk",
			"img": "https://4.bp.blogspot.com/-qV66TxzSof4/WOjhniLrdNI/AAAAAAAAB4M/ATuxcMQ74tA9qWmPd-gnKhnrlSg2mTa5QCLcB/s640/1.jpg"
		},
		{
			"avatar": "http://bit.ly/ANDRYPP",
			"judul": "BBM TEGRAM",
			"changelog": "Update Base v3.3.2.31",
			"fitur": "Full Display Picture (DP No Crop)\nFlexible Rounded DP\nAutotext aka Bom PING\nTab Layout Position\nBlock Read Status\nHide Fab New Chat\nNo Ads",
			"base": "v3.3.2.31",
			"modder": "Andry Gibh Q",
			"clone": "http://www.mediafire.com/file/7eaykgoeamm2er9/BBM_TeGram_v3.3.2.31%5BCLONE%5D.apk",
			"unclone": "http://www.mediafire.com/file/fbnbn2zeei1rhs3/BBM_TeGram_v3.3.2.31%5BUNCLONE%5D.apk",
			"img": "https://4.bp.blogspot.com/-GDswQxC_7f4/WOzxSOGYRBI/AAAAAAAAB9o/-oMjwzqKv-oohFr1aOcwLO6k9zb0FNTBwCLcB/s640/1.jpg"
		},
		{	
			"avatar": "http://bit.ly/2mPHbzc",
			"judul": "NEW BBM",
			"changelog": "Update Base V3.3.2.30",
			"fitur": "Full Display Picture (DP No Crop)\nTab Layout Position\nBlock Read Status\nHide Fab New Chat\nNo Ads",
			"base": "v3.3.2.30",
			"modder": "Ryan Chou",
			"clone": "null",
			"unclone": "https://drive.google.com/uc?export=download&id=0B-gat4kyD-89ZS1NYlAyRG9sMEE",
			"img": "https://3.bp.blogspot.com/-DQaZ3AH8nxQ/WOoOag3fA_I/AAAAAAAAB5k/ApCrYSM2hdIfTg3dvPAYKajXAgVXO4XhACLcB/s640/1.jpg"
		},
		{
			"avatar": "http://bit.ly/ANDRYPP",
			"judul": "CANDYLIGHT",
			"changelog": "Update Base v3.3.2.31",
			"fitur": "Full Display Picture (DP No Crop)\nFlexible Rounded DP\nAutotext aka Bom PING\nTab Layout Position\nBlock Read Status\nHide Fab New Chat\nNo Ads",
			"base": "v3.3.2.31",
			"modder": "Andry Gibh Q",
			"clone": "http://bit.ly/2nVVQtD",
			"unclone": "http://bit.ly/2nW0VlR",
			"img": "https://4.bp.blogspot.com/-TtPRa8vA-RA/WOmjvdekkqI/AAAAAAAAB5I/Ags4O3EfJcAr2XBiHdwo2LxFpwjo7J1zQCLcB/s640/1.jpg"
		},
		{	
			"avatar": "http://bit.ly/2mPHbzc",
			"judul": "LIKE IOS v2",
			"changelog": "Update Base v3.3.1.24",
			"fitur": "Full Display Picture (DP No Crop)\nTab Layout Position\nBlock Read Status\nHide Fab New Chat\nNo Ads",
			"base": "v3.3.1.24",
			"modder": "Ryan Chou",
			"clone": "null",
			"unclone": "https://drive.google.com/uc?export=download&id=0B-gat4kyD-89blRZUVliZ3lkWm8",
			"img": "https://4.bp.blogspot.com/-qV66TxzSof4/WOjhniLrdNI/AAAAAAAAB4M/ATuxcMQ74tA9qWmPd-gnKhnrlSg2mTa5QCLcB/s640/1.jpg"
		},
		{
			"avatar": "https://goo.gl/46bZWw",
			"judul": "DELTA v4.2.1 CONTACT GRID",
			"changelog": "Contact Grid\nLock Mode\nFix Bug",
			"fitur": "All Premium Features Available",
			"base": "v3.3.1.24",
			"modder": "DELTALABS",
			"clone": "https://bitbucket.org/deltalabs/deltabbm/raw/986d774d5568a8915d549a9bb4ef6a6b968a8e41/CLONE_DELTA_v4.2.1_GRID.apk",
			"unclone": "https://bitbucket.org/deltalabs/deltabbm/raw/986d774d5568a8915d549a9bb4ef6a6b968a8e41/UNCLONE_DELTA_v4.2.1_GRID.apk",
			"img": "https://1.bp.blogspot.com/-14z_Sn2-3sY/WM5U24rAreI/AAAAAAAAB0Y/J0AH6cDkyDAsHKnSt-KUcGrV6D3gUzK_wCLcB/s640/DELTA%2BBBM%2Bv4.2.1.jpg"
		},
		{
			"avatar": "https://goo.gl/46bZWw",
			"judul": "DELTA v4.2.1 CONTACT LIST",
			"changelog": "Lock Mode\nFix Bug",
			"fitur": "All Premium Features Available",
			"base": "v3.3.1.24",
			"modder": "DELTALABS",
			"clone": "https://bitbucket.org/deltalabs/deltabbm/raw/6d515738abccb5c95eff59bb977db91d02781e44/CLONE_DELTA_v4.2.1.apk",
			"unclone": "https://bitbucket.org/deltalabs/deltabbm/raw/6d515738abccb5c95eff59bb977db91d02781e44/UNCLONE_DELTA_v4.2.1.apk",
			"img": "https://1.bp.blogspot.com/-14z_Sn2-3sY/WM5U24rAreI/AAAAAAAAB0Y/J0AH6cDkyDAsHKnSt-KUcGrV6D3gUzK_wCLcB/s640/DELTA%2BBBM%2Bv4.2.1.jpg"
		},
		{
			"avatar": "https://goo.gl/46bZWw",
			"judul": "DELTA v4.2.0",
			"changelog": "Update Base v3.3.1.24\nShow / Hide Chat Filter",
			"fitur": "All Premium Features Available",
			"base": "v3.3.1.24",
			"modder": "DELTALABS",
			"clone": "https://github.com/DeltalabsStudio/delta/raw/master/CLONE_DELTA_v4.2.0.apk",
			"unclone": "https://github.com/DeltalabsStudio/delta/raw/master/UNCLONE_DELTA_v4.2.0.apk",
			"img": "https://3.bp.blogspot.com/-TZQhOiDrGI8/WM1PRYHF9qI/AAAAAAAAAEE/iGYsilznD4EUj14ob0ln8KN7JYWH-WU_QCLcB/s640/DELTA%2BBBM%2Bv4.2.0.png"
		}
	]
}
