{
	"data": [
		{
			"judul": "AZWhatsApp2 v9.10 RED",
			"changelog": "Base Updated to 2.17.146",
			"modder": "",
			"unduh": "http://www.mediafire.com/file/i9xdhhvm8z5n4uk/AZWA2_v9.10_By.Ali+Alzaabi.apk",
			"mirror": "",
			"blogpost": "",
			"img": "https://2.bp.blogspot.com/-dvmgeZL1j8g/WTjxfI_0cFI/AAAAAAAAABU/As8kY86OZRQhEoLQciG2JMZTO5Q4lzIMQCLcB/s640/WA.png"
		},
		{
			"judul": "OMWHATSAPP 8.05  EMOJIS ANDROID O CLONE2",
			"changelog": "Base Updated to 2.17.146",
			"modder": "",
			"unduh": "http://www.mediafire.com/file/7xm6el83m4bwoqz",
			"mirror": "",
			"blogpost": "",
			"img": "https://2.bp.blogspot.com/-dvmgeZL1j8g/WTjxfI_0cFI/AAAAAAAAABU/As8kY86OZRQhEoLQciG2JMZTO5Q4lzIMQCLcB/s640/WA.png"
		},
		{
			"judul": "OMWHATSAPP 8.05 EMOJIS STOCK CLONE2",
			"changelog": "Base Updated to 2.17.146",
			"modder": "",
			"unduh": "http://www.mediafire.com/file/9b6rpv102p21ztg",
			"mirror": "",
			"blogpost": "",
			"img": "https://2.bp.blogspot.com/-dvmgeZL1j8g/WTjxfI_0cFI/AAAAAAAAABU/As8kY86OZRQhEoLQciG2JMZTO5Q4lzIMQCLcB/s640/WA.png"
		},
		{
			"judul": "OMWHATSAPP 8.05  EMOJIS ANDROID O CLONE",
			"changelog": "Base Updated to 2.17.146",
			"modder": "",
			"unduh": "http://www.mediafire.com/file/6ibpku30c8q7785",
			"mirror": "",
			"blogpost": "",
			"img": "https://2.bp.blogspot.com/-dvmgeZL1j8g/WTjxfI_0cFI/AAAAAAAAABU/As8kY86OZRQhEoLQciG2JMZTO5Q4lzIMQCLcB/s640/WA.png"
		},
		{
			"judul": "OMWHATSAPP 8.05 EMOJIS STOCK CLONE",
			"changelog": "Base Updated to 2.17.146",
			"modder": "",
			"unduh": "http://www.mediafire.com/file/mktncjcra2glj4h",
			"mirror": "",
			"blogpost": "",
			"img": "https://2.bp.blogspot.com/-dvmgeZL1j8g/WTjxfI_0cFI/AAAAAAAAABU/As8kY86OZRQhEoLQciG2JMZTO5Q4lzIMQCLcB/s640/WA.png"
		},
		{
			"judul": "OMWHATSAPP 8.05  EMOJIS ANDROID O",
			"changelog": "Base Updated to 2.17.146",
			"modder": "",
			"unduh": "http://www.mediafire.com/file/4b2gbs5u967k6oa/WA%2B+O-Face+v8.05+OM.apk",
			"mirror": "",
			"blogpost": "",
			"img": "https://2.bp.blogspot.com/-dvmgeZL1j8g/WTjxfI_0cFI/AAAAAAAAABU/As8kY86OZRQhEoLQciG2JMZTO5Q4lzIMQCLcB/s640/WA.png"
		},
		{
			"judul": "OMWHATSAPP 8.05 EMOJIS STOCK",
			"changelog": "Base Updated to 2.17.146",
			"modder": "",
			"unduh": "http://www.mediafire.com/file/7x11rvn3dizq37y/WhatsApp%2B+v8.05+OM.apk",
			"mirror": "",
			"blogpost": "",
			"img": "https://2.bp.blogspot.com/-dvmgeZL1j8g/WTjxfI_0cFI/AAAAAAAAABU/As8kY86OZRQhEoLQciG2JMZTO5Q4lzIMQCLcB/s640/WA.png"
		},
		{
			"judul": "FOUAD WHATSAPP V6.67 FEMALE",
			"changelog": "Fixed Swipe back on some phones\nFixed option 3.1.34 and 3.1.35",
			"modder": "",
			"unduh": "http://www.mediafire.com/file/8iz2mynhpein454/Fouad_v.6.67_BY_Denna%5B1%5D.zip",
			"mirror": "",
			"blogpost": "null",
			"img": "https://2.bp.blogspot.com/-Ud6j_5_o9Dw/WTpRsI8QE6I/AAAAAAAAAC4/eLYfGn99Hhwyp9gGzQFATSa9LcgGucpQQCLcB/s640/FD.png"
		},
		{
			"judul": "NSWhatsApp v5.61 Melody Edition",
			"changelog": "Post video in status with more than 30 seconds\n3D icons throughout NSwhatsapp",
			"modder": "",
			"unduh": "https://drive.google.com/file/d/0Bw7YBtFxH5dqZF9zcTlac3R2U2M/view",
			"mirror": "",
			"blogpost": "null",
			"img": "https://1.bp.blogspot.com/-YsoogDQepAw/WTpPLQx7llI/AAAAAAAAACs/YpKtqyn72NcWLEqNEYV9vK_zL0F87bSZQCLcB/s640/NS.png"
		},
		{
			"judul": "MULTI LINE MESSENGER v7.5.2",
			"changelog": "",
			"modder": "Rikri Rikardo aka BegalDev",
			"unduh": "https://www.mediafire.com/folder/bzebrhofg5eis/Multi-LINE-Patched-by.BegalDev",
			"mirror": "",
			"blogpost": "null",
			"img": "https://4.bp.blogspot.com/-l9JqoHZRrpw/WToT2T5U6yI/AAAAAAAAACc/9csq4f8mfO4WjxXYFj4s9fuxVnF2jFCCACLcB/s640/LINE.png"
		},
		{
			"judul": "WHATSAPP MOD FOR ALL (Cracked)",
			"changelog": "Base Updated to 2.17.190",
			"modder": "Rikri Rikardo aka BegalDev",
			"unduh": "https://www.mediafire.com/folder/b2lb8a1yyqg4y/WhatsApp-All-by.BegalDev",
			"mirror": "https://www.mediafire.com/folder/b2lb8a1yyqg4y/WhatsApp-All-by.BegalDev",
			"blogpost": "null",
			"img": "https://2.bp.blogspot.com/-dvmgeZL1j8g/WTjxfI_0cFI/AAAAAAAAABU/As8kY86OZRQhEoLQciG2JMZTO5Q4lzIMQCLcB/s640/WA.png"
		},
		{
			"judul": "WHATSAPPTR beta 8",
			"changelog": "Update base v2.17.219\nAndroid O emojis\nBug fixes",
			"modder": "",
			"unduh": "https://tychoregter.com/files/whatsapptr.apk",
			"mirror": "https://tychoregter.com/files/whatsapptr.apk",
			"blogpost": "",
			"img": "https://3.bp.blogspot.com/-ZfsLhigtiXw/WTn-Aqp_CkI/AAAAAAAAACM/4C_hb3lrBOw-Z9FsF5Z-s5QgMdiqrtqeACLcB/s640/TR.png"
		},
		{
			"judul": "MULTI FACEBOOK LITE v45.0.0.7.70-Beta",
			"changelog": "45.0.0.7.70-beta",
			"modder": "Begal Developer",
			"unduh": "https://www.mediafire.com/folder/cvgf7cd2tjd5j/Multi-FBLite-by.BegalDev",
			"mirror": "https://www.mediafire.com/folder/cvgf7cd2tjd5j/Multi-FBLite-by.BegalDev",
			"blogpost": "http://www.gbmods.co/?p=19",
			"img": "https://1.bp.blogspot.com/-_p0OtKJLTk0/WTj8nXUsQTI/AAAAAAAAABk/q3Bq4vx3pJYilwH9_p6TxXU_GKcKTXDmACLcB/s640/FLITE.png"
		},
		{
			"judul": "NSWhatsAppv5.61 (com.gbwhatsapp)",
			"changelog": "Base Updated to 2.17.146",
			"modder": "atnfas_hoak",
			"unduh": "http://www.mediafire.com/file/71w4kfb8a7knjk7/NSWHATSAPP+3D+FIX+5.61+com.gbwhatsapp.apk",
			"mirror": "http://www.mediafire.com/file/71w4kfb8a7knjk7/NSWHATSAPP+3D+FIX+5.61+com.gbwhatsapp.apk",
			"blogpost": "http://www.gbmods.co/?p=19",
			"img": "https://2.bp.blogspot.com/-dvmgeZL1j8g/WTjxfI_0cFI/AAAAAAAAABU/As8kY86OZRQhEoLQciG2JMZTO5Q4lzIMQCLcB/s640/WA.png"
		},
		{
			"judul": "NSWhatsAppv5.61 (com.whatsapp)",
			"changelog": "Base Updated to 2.17.146",
			"modder": "atnfas_hoak",
			"unduh": "http://www.mediafire.com/file/6h4o49w51xxlsu9/NSWHATSAPP+3D+FIX+5.61+com.whatsapp.apk",
			"mirror": "http://www.mediafire.com/file/6h4o49w51xxlsu9/NSWHATSAPP+3D+FIX+5.61+com.whatsapp.apk",
			"blogpost": "http://www.gbmods.co/?p=19",
			"img": "https://2.bp.blogspot.com/-dvmgeZL1j8g/WTjxfI_0cFI/AAAAAAAAABU/As8kY86OZRQhEoLQciG2JMZTO5Q4lzIMQCLcB/s640/WA.png"
		},
		{
			"judul": "GB WhatsApp Puma Edition v5.60",
			"changelog": "Base Updated to 2.17.146",
			"modder": "atnfas_hoak",
			"unduh": "http://www.mediafire.com/file/yb15parahabagt7/Pumas+Mods+5.60+ZoeIneso.apk",
			"mirror": "http://www.mediafire.com/file/yb15parahabagt7/Pumas+Mods+5.60+ZoeIneso.apk",
			"blogpost": "http://www.gbmods.co/?p=19",
			"img": "https://3.bp.blogspot.com/-9zmUQN9yrJM/WTjQGIZzddI/AAAAAAAAAAc/Tn6Fe8wFFxMQd6jLdRtAmvOhdLLZ0i2kQCLcB/s640/WAPUMA.png"
		},
		{
			"judul": "GB WhatsApp Transparent v5.60",
			"changelog": "Base Updated to 2.17.146",
			"modder": "atnfas_hoak",
			"unduh": "https://sendit.cloud/710r6jafkrog",
			"mirror": "https://sendit.cloud/710r6jafkrog",
			"blogpost": "http://www.gbmods.co/?p=19",
			"img": "https://3.bp.blogspot.com/-G_TvtQpka7Q/WTjNzrWW8pI/AAAAAAAAAAQ/9SDoopSR9B0ZGEADcwX5g-brOVVYFpIzwCLcB/s640/WATRANS.png"
		},
		{
			"judul": "WhatsApp+ v5.60",
			"changelog": "Base Updated to 2.17.146",
			"modder": "atnfas_hoak",
			"unduh": "http://www.mediafire.com/file/6k6k7o66pxltntd/GBWAPlus_v5.60-2.17.146_%40atnfas_hoak.apk",
			"mirror": "",
			"blogpost": "http://www.gbmods.co/?p=19",
			"img": "https://2.bp.blogspot.com/-dvmgeZL1j8g/WTjxfI_0cFI/AAAAAAAAABU/As8kY86OZRQhEoLQciG2JMZTO5Q4lzIMQCLcB/s640/WA.png"
		},
		{
			"judul": "GB WhatsApp+ v5.60",
			"changelog": "Base Updated to 2.17.146",
			"modder": "atnfas_hoak",
			"unduh": "http://www.mediafire.com/file/3uds8loedku6dfg/GBWA_v5.60-2.17.146_%40atnfas_hoak.apk",
			"mirror": "",
			"blogpost": "http://www.gbmods.co/?p=19",
			"img": "https://2.bp.blogspot.com/-dvmgeZL1j8g/WTjxfI_0cFI/AAAAAAAAABU/As8kY86OZRQhEoLQciG2JMZTO5Q4lzIMQCLcB/s640/WA.png"
		},
		{
			"judul": "GB WhatsApp3 v5.60",
			"changelog": "Base Updated to 2.17.146",
			"modder": "atnfas_hoak",
			"unduh": "http://www.mediafire.com/file/84dpbddaetramu9/GBWA3_v5.60-2.17.146_%40atnfas_hoak.apk",
			"mirror": "",
			"blogpost": "http://www.gbmods.co/?p=19",
			"img": "https://2.bp.blogspot.com/-dvmgeZL1j8g/WTjxfI_0cFI/AAAAAAAAABU/As8kY86OZRQhEoLQciG2JMZTO5Q4lzIMQCLcB/s640/WA.png"
		},
		{
			"judul": "WhatsApp2rr Arm",
			"changelog": "Base Updated to 2.17.190",
			"modder": "Rikri Rikardo aka BegalDev",
			"unduh": "http://www.mediafire.com/file/tkejzabrkkautvv/WhatsApp2+Arm+v2.17.190.apk",
			"mirror": "http://www.mediafire.com/file/tkejzabrkkautvv/WhatsApp2+Arm+v2.17.190.apk",
			"blogpost": "null",
			"img": "https://scontent.fcgk6-1.fna.fbcdn.net/v/t1.0-9/18527575_545840348920039_4038647677864438546_n.jpg?oh=7ef7872d471413a4c5ee7d3e8550fdba&oe=59AB0203"
		},
		{
			"judul": "WhatsApp2rr x86",
			"changelog": "Base Updated to 2.17.190",
			"modder": "Rikri Rikardo aka BegalDev",
			"unduh": "http://www.mediafire.com/file/b8nddo3ox6h9f8v/WhatsApp2+x86+v2.17.190.apk",
			"mirror": "http://www.mediafire.com/file/b8nddo3ox6h9f8v/WhatsApp2+x86+v2.17.190.apk",
			"blogpost": "null",
			"img": "https://scontent.fcgk6-1.fna.fbcdn.net/v/t1.0-9/18527575_545840348920039_4038647677864438546_n.jpg?oh=7ef7872d471413a4c5ee7d3e8550fdba&oe=59AB0203"
		}
	]
}
