{"data":[{"CALL_CENTER_INSTANSI":"Telephone (021) 3441340 (ext 2301) pada hari Senin s.d. Jumat pukul 08.30 s.d. 16.00 WIB; Email: cpns@ekon.go.id; twitter: @cpnsekon","NAMA":"Kementerian Koordinator Bidang Perekonomian","KODE":"1020","LINK_PENGUMUMAN_FORMASI":"https:\/\/rekrutmen.ekon.go.id","LINK_WEB_INSTANSI":"cpns@ekon.go.id","HELPDESK_INSTANSI":"Telephone (021) 3441340 (ext 2301) pada hari Senin s.d. Jumat pukul 08.30 s.d. 16.00 WIB\r\nEmail: cpnsekon@gmail.com","MEDSOS_INSTANSI":"twitter : @cpnsekon"},{"CALL_CENTER_INSTANSI":"0213102955","NAMA":"Kementerian Koordinator Bidang Kemaritiman","KODE":"1040","LINK_PENGUMUMAN_FORMASI":"https:\/\/maritim.go.id\/cpns","LINK_WEB_INSTANSI":"rekrutmencpns2018@maritim.go.id","HELPDESK_INSTANSI":"pengaduancpns2018@maritim.go.id","MEDSOS_INSTANSI":"https:\/\/twitter.com\/2018_cpns"},{"CALL_CENTER_INSTANSI":"021-52992981 ","NAMA":"Kementerian Koperasi dan Usaha Kecil dan Menengah","KODE":"2010","LINK_PENGUMUMAN_FORMASI":"www.depkop.go.id","LINK_WEB_INSTANSI":"www.depkop.go.id","HELPDESK_INSTANSI":null,"MEDSOS_INSTANSI":null},{"CALL_CENTER_INSTANSI":"021-3805563 \/ 3842638 (ext 2009, 2014, 2018 dan 2020) \r\nTwitter  : @kpp_pa\r\nIG        : kemenpppa\r\nFB       : kementerian pemerdayaan perempuan dan perlindungan anak","NAMA":"Kementerian Pemberdayaan Perempuan dan Perlindungan Anak","KODE":"2050","LINK_PENGUMUMAN_FORMASI":"http:\/\/kemenpppa.go.id\/","LINK_WEB_INSTANSI":"sdm@kemenpppa.go.id","HELPDESK_INSTANSI":"021-3805563 \/ 3842638 (ext 2009, 2014, 2018 dan 2020) \r\nTwitter  : @kpp_pa\r\nIG        : kemenpppa\r\nFB       : kementerian pemerdayaan perempuan dan perlindungan anak","MEDSOS_INSTANSI":"Twitter  : @kpp_pa\r\nIG        : kemenpppa\r\nFB       : kementerian pemerdayaan perempuan dan perlindungan anak"},{"CALL_CENTER_INSTANSI":"021-5738316","NAMA":"Kementerian Pemuda dan Olahraga","KODE":"2100","LINK_PENGUMUMAN_FORMASI":"www.kemenpora.go.id","LINK_WEB_INSTANSI":"sdmaparatur@kemenpora.go.id","HELPDESK_INSTANSI":"021-5738316 atau call center 1500928","MEDSOS_INSTANSI":"sdmaparaturkemenpora"},{"CALL_CENTER_INSTANSI":"keluhandansaran@kemlu.go.id","NAMA":"Kementerian Luar Negeri","KODE":"3002","LINK_PENGUMUMAN_FORMASI":"https:\/\/e-cpns.kemlu.go.id","LINK_WEB_INSTANSI":"keluhandansaran@kemlu.go.id","HELPDESK_INSTANSI":"keluhandansaran@kemlu.go.id","MEDSOS_INSTANSI":null},{"CALL_CENTER_INSTANSI":"Telp: (021) 134 pada hari Senin s.d. Jumat pukul 08.00 s.d. 16.00 WIB\r\nSitus: https:\/\/rekrutmen.kemenkeu.go.id\/","NAMA":"Kementerian Keuangan","KODE":"3005","LINK_PENGUMUMAN_FORMASI":"https:\/\/rekrutmen.kemenkeu.go.id\/","LINK_WEB_INSTANSI":null,"HELPDESK_INSTANSI":"Telp: (021) 134 pada hari Senin s.d. Jumat pukul 08.00 s.d. 16.00 WIB\r\nSitus: www.wise.kemenkeu.go.id","MEDSOS_INSTANSI":null},{"CALL_CENTER_INSTANSI":"Contact Center 136","NAMA":"Kementerian Energi dan Sumber Daya Mineral","KODE":"3008","LINK_PENGUMUMAN_FORMASI":"https:\/\/tinyurl.com\/ycpf44kr","LINK_WEB_INSTANSI":null,"HELPDESK_INSTANSI":"085885997776 (hanya menerima whatsapp)","MEDSOS_INSTANSI":"https:\/\/twitter.com\/cpnskesdm"},{"CALL_CENTER_INSTANSI":"https:\/\/cpns.kemdikbud.go.id","NAMA":"Kementerian Pendidikan dan Kebudayaan","KODE":"3010","LINK_PENGUMUMAN_FORMASI":"https:\/\/cpns.kemdikbud.go.id","LINK_WEB_INSTANSI":"helpdesk.cpns@kemdikbud.go.id","HELPDESK_INSTANSI":null,"MEDSOS_INSTANSI":null},{"CALL_CENTER_INSTANSI":"1500567","NAMA":"Kementerian Kesehatan","KODE":"3011","LINK_PENGUMUMAN_FORMASI":"https:\/\/cpns.kemkes.go.id","LINK_WEB_INSTANSI":"cpns@kemkes.go.id","HELPDESK_INSTANSI":"1500567","MEDSOS_INSTANSI":null},{"CALL_CENTER_INSTANSI":"0821 6700 7682 (telepon) atau 0814 1100 7382 (Whatsapp) pada hari senin s.d jumat pukul 08.30 s.d 16.00 WIB","NAMA":"Kementerian Ketenagakerjaan","KODE":"3013","LINK_PENGUMUMAN_FORMASI":"http:\/\/kemnaker.go.id\/cpns","LINK_WEB_INSTANSI":null,"HELPDESK_INSTANSI":null,"MEDSOS_INSTANSI":null},{"CALL_CENTER_INSTANSI":"082112926363","NAMA":"Kementerian Lingkungan Hidup dan Kehutanan","KODE":"3015","LINK_PENGUMUMAN_FORMASI":"http:\/\/cpnsonline.menlhk.go.id\/","LINK_WEB_INSTANSI":null,"HELPDESK_INSTANSI":null,"MEDSOS_INSTANSI":null},{"CALL_CENTER_INSTANSI":"http:\/\/ropeg.kkp.go.id\r\nhttp:\/\/kkp.go.id","NAMA":"Kementerian Kelautan dan Perikanan","KODE":"3016","LINK_PENGUMUMAN_FORMASI":"https:\/\/drive.google.com\/open?id=1wRQwa_2QCVN-WbV5MA115Zsd4OJE_4oX","LINK_WEB_INSTANSI":"cpnskkp@gmail.com","HELPDESK_INSTANSI":"whatsapp only No. 081386408767","MEDSOS_INSTANSI":"twitter @birosdmkkp"},{"CALL_CENTER_INSTANSI":"0215255509 ext 5104","NAMA":"Kementerian Perindustrian","KODE":"3020","LINK_PENGUMUMAN_FORMASI":"http:\/\/rekrutmen.kemenperin.go.id","LINK_WEB_INSTANSI":"http:\/\/rekrutmen.kemenperin.go.id","HELPDESK_INSTANSI":"0215255509 ext 2460","MEDSOS_INSTANSI":"Biro Kepegawaian Kementerian Perindustrian (facebook)\r\n@ropeg_industri (twitter)"},{"CALL_CENTER_INSTANSI":"(021)-3838571 ","NAMA":"Kementerian Pariwisata","KODE":"3022","LINK_PENGUMUMAN_FORMASI":"www.kemenpar.go.id","LINK_WEB_INSTANSI":"pendaftarancpns@kemenpar.go.id","HELPDESK_INSTANSI":null,"MEDSOS_INSTANSI":"Facebook: Kepegawaian Kemepar"},{"CALL_CENTER_INSTANSI":"081318398483","NAMA":"Kejaksaan Agung","KODE":"4002","LINK_PENGUMUMAN_FORMASI":"https:\/\/rekrutmen.kejaksaan.go.id\/","LINK_WEB_INSTANSI":"https:\/\/rekrutmen.kejaksaan.go.id\/","HELPDESK_INSTANSI":null,"MEDSOS_INSTANSI":null},{"CALL_CENTER_INSTANSI":"https:\/\/www.mpr.go.id","NAMA":"Sekretariat Jenderal MPR","KODE":"4004","LINK_PENGUMUMAN_FORMASI":"https:\/\/tinyurl.com\/yav2hq3z","LINK_WEB_INSTANSI":"cpnsmpr.2018@setjen.mpr.go.id","HELPDESK_INSTANSI":"https:\/\/www.mpr.go.id\r\nemail : cpnsmpr.2018@setjen.mpr.go.id","MEDSOS_INSTANSI":null},{"CALL_CENTER_INSTANSI":"https:\/\/cpns.bpk.go.id","NAMA":"Badan Pemeriksa Keuangan ","KODE":"4008","LINK_PENGUMUMAN_FORMASI":"https:\/\/cpns.bpk.go.id\/berita\/","LINK_WEB_INSTANSI":"panitiacpns@bpk.go.id","HELPDESK_INSTANSI":"021 - 25549000. ext (2229)","MEDSOS_INSTANSI":"Twitter @CPNSBPK"},{"CALL_CENTER_INSTANSI":"www.wantannas.go.id","NAMA":"Setjen WANTANNAS","KODE":"4009","LINK_PENGUMUMAN_FORMASI":"https:\/\/www.wantannas.go.id\/cpns\/","LINK_WEB_INSTANSI":"setjen@wantannas.go.id","HELPDESK_INSTANSI":"1) Telepon (021) 3451067 pada hari Senin s.d. Jumat pukul 08.30 \r\n    s.d. 15.00 WIB\r\n2) Email : setjen@wantannas.go.id\r\n","MEDSOS_INSTANSI":null},{"CALL_CENTER_INSTANSI":"Website : https:\/\/cpns.bssn.go.id\r\nTelefon   : (021) 7816642 atau 0812 1901 5301 (Jam Kerja)\r\nEmail     : cpns@bssn.go.id","NAMA":"Badan Siber dan Sandi Negara","KODE":"4010","LINK_PENGUMUMAN_FORMASI":"https:\/\/cpns.bssn.go.id\/pengumuman\/3","LINK_WEB_INSTANSI":"cpns@bssn.go.id","HELPDESK_INSTANSI":"Website : https:\/\/cpns.bssn.go.id\r\nTelefon   : (021) 7816642 atau 0812 1901 5301 (Jam Kerja)\r\nEmail     : cpns@bssn.go.id","MEDSOS_INSTANSI":"Twitter      : @bssn_ri\r\nInstagram : @bssn_ri"},{"CALL_CENTER_INSTANSI":"021-8010321 \/ 021-8093008 (ext.3203 & 3204)","NAMA":"Badan Kepegawaian Negara","KODE":"4011","LINK_PENGUMUMAN_FORMASI":"www.bkn.go.id","LINK_WEB_INSTANSI":null,"HELPDESK_INSTANSI":"021-8010321 \/ 021-8093008 (ext.3203 & 3204)","MEDSOS_INSTANSI":"-"},{"CALL_CENTER_INSTANSI":"http:\/\/cpns.lan.go.id\/","NAMA":"Lembaga Administrasi Negara ","KODE":"4012","LINK_PENGUMUMAN_FORMASI":"www.cpns.lan.go.id","LINK_WEB_INSTANSI":"cpns2018@lan.go.id","HELPDESK_INSTANSI":null,"MEDSOS_INSTANSI":"Facebook: https:\/\/www.facebook.com\/humasdan.publikasi\/?ref=br_rs\r\n\r\nTwitter: https:\/\/twitter.com\/LAN_RI\r\n\r\ninstagram : https:\/\/www.instagram.com\/humas_lan\/"},{"CALL_CENTER_INSTANSI":"(021) 4892802","NAMA":"Lembaga Penerbangan dan Antariksa Nasional","KODE":"4013","LINK_PENGUMUMAN_FORMASI":"http:\/\/cpns.lapan.go.id\/","LINK_WEB_INSTANSI":"cpns@lapan.go.id","HELPDESK_INSTANSI":"081196902674","MEDSOS_INSTANSI":"https:\/\/twitter.com\/lapan_ri;\r\nhttps:\/\/www.instagram.com\/lapan_ri\/;\r\nhttps:\/\/id-id.facebook.com\/LAPANRI\/"},{"CALL_CENTER_INSTANSI":null,"NAMA":"Badan Pusat Statistik ","KODE":"4016","LINK_PENGUMUMAN_FORMASI":"cpns.bps.go.id","LINK_WEB_INSTANSI":null,"HELPDESK_INSTANSI":null,"MEDSOS_INSTANSI":null},{"CALL_CENTER_INSTANSI":"Telepon     021-7805851 ext 319 \r\nWhatsapp 082122399790 (tidak menerima panggilan suara \/ video)","NAMA":"Arsip Nasional Republik Indonesia ","KODE":"4018","LINK_PENGUMUMAN_FORMASI":"http:\/\/www.anri.go.id\/assets\/download\/CPNS2018\/PENGUMUMAN_PENGADAAN_CPNS_ANRI_TAHUN_2018.pdf","LINK_WEB_INSTANSI":"kepegawaian@anri.go.id","HELPDESK_INSTANSI":"Telepon     021-7805851 ext 319 \r\nWhatsapp 082122399790 (tidak menerima panggilan suara \/ video)","MEDSOS_INSTANSI":"https:\/\/www.facebook.com\/penerimaancalonpegawai.anri.1"},{"CALL_CENTER_INSTANSI":"(021) 8752062 Ext 2025","NAMA":"Badan Informasi Geospasial","KODE":"4019","LINK_PENGUMUMAN_FORMASI":"http:\/\/cpns.big.go.id\/","LINK_WEB_INSTANSI":"cpns@big.go.id","HELPDESK_INSTANSI":"https:\/\/sscnhelpdesk.bkn.go.id","MEDSOS_INSTANSI":"https:\/\/www.facebook.com\/Seleksi.CPNS.BIG.2017; Twitter @infogeospasial; Instagram @infogeospasial"},{"CALL_CENTER_INSTANSI":"(021) 316 9127 \/ 9129","NAMA":"Badan Pengkajian dan Penerapan Teknologi","KODE":"4022","LINK_PENGUMUMAN_FORMASI":"https:\/\/drive.google.com\/drive\/folders\/1E6Kgb8ZIUWmK6pQxKGM_5MPs1RwaGCGE","LINK_WEB_INSTANSI":"cpns@bppt.go.id","HELPDESK_INSTANSI":"081317430676","MEDSOS_INSTANSI":null},{"CALL_CENTER_INSTANSI":"Bagian Kepegawaian\r\nPerpustakaan Nasional RI\r\nTelp. 021-31908479","NAMA":"Perpustakaan Nasional RI","KODE":"4025","LINK_PENGUMUMAN_FORMASI":"www.perpusnas.go.id","LINK_WEB_INSTANSI":null,"HELPDESK_INSTANSI":"Bagian Kepegawaian\r\nPerpustakaan Nasional RI\r\nTelp. 021-31908479","MEDSOS_INSTANSI":null},{"CALL_CENTER_INSTANSI":"021-6385 8269-70 ext. 1108","NAMA":"Badan Pengawas Tenaga Nuklir ","KODE":"4028","LINK_PENGUMUMAN_FORMASI":"www.bapeten.go.id","LINK_WEB_INSTANSI":"kepegawaian@bapeten.go.id","HELPDESK_INSTANSI":"email : kepegawaian@bapeten.go.id","MEDSOS_INSTANSI":"Instagram : @bapeten\r\nFacebook : BAPETEN\r\nTwitter : @bapeten \/ @bapetenRI"},{"CALL_CENTER_INSTANSI":"1500533\r\n021-4244691","NAMA":"Badan Pengawas Obat dan Makanan ","KODE":"4031","LINK_PENGUMUMAN_FORMASI":"https:\/\/www.pom.go.id\/new\/view\/more\/berita\/14836\/PENERIMAAN-CPNS-BADAN-POM-TAHUN-ANGGARAN-2018.html","LINK_WEB_INSTANSI":"halobpom@pom.go.id","HELPDESK_INSTANSI":"1500533\r\n021-4244691\r\nhttps:\/\/www.pom.go.id\r\n","MEDSOS_INSTANSI":"Twitter: @bpom_ri\r\nInstagram: @bpom_ri\r\nFacebook: Badan POM"},{"CALL_CENTER_INSTANSI":"https:\/\/cpns.polri.go.id","NAMA":"Kepolisian Negara","KODE":"4033","LINK_PENGUMUMAN_FORMASI":"https:\/\/cpns.polri.go.id","LINK_WEB_INSTANSI":"cpns.polri@gmail.com","HELPDESK_INSTANSI":"Telp. 021-7218294; WhatsApp 081-7171-POLRI (76574) ","MEDSOS_INSTANSI":"Twitter @cpns_polri2018"},{"CALL_CENTER_INSTANSI":"call center 184 dan Whatsapp 081221675675","NAMA":"Badan Narkotika Nasional","KODE":"4040","LINK_PENGUMUMAN_FORMASI":"bnn.go.id","LINK_WEB_INSTANSI":"callcenter@bnn.go.id","HELPDESK_INSTANSI":"call center 184 dan Whatsapp 081221675675, SMS 1784","MEDSOS_INSTANSI":"Twitter : @cc_bnn\r\nfacebook : contact center BNN\r\n"},{"CALL_CENTER_INSTANSI":"www.bnpb.go.id\r\n082123232018","NAMA":"Badan Nasional Penanggulangan Bencana","KODE":"4043","LINK_PENGUMUMAN_FORMASI":"https:\/\/drive.google.com\/drive\/folders\/16H3rN6LJXotpCpj1Wb_y5cVKsko8brG0?usp=sharing","LINK_WEB_INSTANSI":"cpnsbnpb2018@gmail.com","HELPDESK_INSTANSI":"www.bnpb.go.id\r\n082123232018","MEDSOS_INSTANSI":"Twitter : @BNPB_Indonesia\r\nInstagram : BNPB_Indonesia"},{"CALL_CENTER_INSTANSI":"(021) 3145739","NAMA":"Setjen KOMNAS HAM","KODE":"4044","LINK_PENGUMUMAN_FORMASI":"ww.komnasham.go.id\/cpns2018","LINK_WEB_INSTANSI":"sekretariatcpns2018@komnasham.go.id","HELPDESK_INSTANSI":"aduanseleksicpns@komnasham.go.id","MEDSOS_INSTANSI":null},{"CALL_CENTER_INSTANSI":"(021)3905876","NAMA":"Sekretariat Jenderal Komisi Yudisial","KODE":"4049","LINK_PENGUMUMAN_FORMASI":"komisiyudisial.go.id","LINK_WEB_INSTANSI":"seleksicpnsky2018@komisiyudisial.go.id","HELPDESK_INSTANSI":"(021)3905876","MEDSOS_INSTANSI":"twitter: @KomisiYudisial"},{"CALL_CENTER_INSTANSI":"www.bakamla.go.id\r\n\r\n","NAMA":"Badan Keamanan Laut RI","KODE":"4052","LINK_PENGUMUMAN_FORMASI":"www.bakamla.go.id","LINK_WEB_INSTANSI":"tupegbakorkamla@gmail.com","HELPDESK_INSTANSI":null,"MEDSOS_INSTANSI":null},{"CALL_CENTER_INSTANSI":"(021) 3850455 \/ 3853922","NAMA":"Pusat Pelaporan dan Analisis Transaksi Keuangan","KODE":"4055","LINK_PENGUMUMAN_FORMASI":"http:\/\/www.ppatk.go.id\/backend\/assets\/uploads\/20180918135821.pdf","LINK_WEB_INSTANSI":null,"HELPDESK_INSTANSI":"(021) 3850455 \/ 3853922","MEDSOS_INSTANSI":"Instagram : @ppid_ppatk\r\nFacebook : https:\/\/www.facebook.com\/ppatkRI\/ \r\nTwitter : @PPATK"},{"CALL_CENTER_INSTANSI":"021-29095270","NAMA":"Badan Nasional Penanggulangan Terorisme","KODE":"4060","LINK_PENGUMUMAN_FORMASI":"www.bnpt.go.id","LINK_WEB_INSTANSI":"portalcpns2018@bnpt.go.id","HELPDESK_INSTANSI":"www.bnpt.go.id\r\nportalcpns2018@bnpt.go.id\r\n021-29095270","MEDSOS_INSTANSI":null},{"CALL_CENTER_INSTANSI":"bawaslu.go.id\r\n\r\n","NAMA":"Badan Pengawas Pemilihan Umum","KODE":"4062","LINK_PENGUMUMAN_FORMASI":"bawaslu.go.id","LINK_WEB_INSTANSI":"sdm.bawaslu@gmail.com","HELPDESK_INSTANSI":"021-3905889","MEDSOS_INSTANSI":"@bawaslu_ri"},{"CALL_CENTER_INSTANSI":"(021) 21202501, ","NAMA":"Badan Ekonomi Kreatif","KODE":"4064","LINK_PENGUMUMAN_FORMASI":"www.bekraf.go.id","LINK_WEB_INSTANSI":"kepegawaian@bekraf.go.id","HELPDESK_INSTANSI":"(021) 21202501, ","MEDSOS_INSTANSI":null},{"CALL_CENTER_INSTANSI":"Telepon : 021 - 29681560 Ext. 1021\r\nWhatsapp : 0812 11000 868\r\nEmail : rekrutmen@lpsk.go.id\r\nWebsite : https:\/\/www.lpsk.go.id","NAMA":"Lembaga Perlindungan Saksi dan Korban","KODE":"4065","LINK_PENGUMUMAN_FORMASI":"https:\/\/www.lpsk.go.id","LINK_WEB_INSTANSI":"rekrutmen@lpsk.go.id","HELPDESK_INSTANSI":"Telepon : 021 - 29681560 Ext. 1021\r\nWhatsapp : 0812 11000 868\r\nEmail : rekrutmen@lpsk.go.id","MEDSOS_INSTANSI":null},{"CALL_CENTER_INSTANSI":"www.bkpsdm.acehselatankab.go.id","NAMA":"Pemerintah Kab. Aceh Selatan","KODE":"5105","LINK_PENGUMUMAN_FORMASI":"www.bkpsdm.acehselatankab.go.id","LINK_WEB_INSTANSI":"bkpsdm.acehselatankab@gmail.com","HELPDESK_INSTANSI":"bkpsdm.acehselatankab@gmail.com","MEDSOS_INSTANSI":"facebook : Bkpsdm Aceh Selatan"},{"CALL_CENTER_INSTANSI":"081397356462, 085337351481, 082163954858 (sms atau wa only)","NAMA":"Pemerintah Kab. Deli Serdang","KODE":"5201","LINK_PENGUMUMAN_FORMASI":"www.deliserdangkab.go.id \/ www.bkd.deliserdangkab.go.id","LINK_WEB_INSTANSI":"bekade.ds@gmail.com","HELPDESK_INSTANSI":"081397356462, 085337351481, 082163954858 (sms atau wa only)","MEDSOS_INSTANSI":"fb : BKD KAB. DELI SERDANG"},{"CALL_CENTER_INSTANSI":null,"NAMA":"Pemerintah Kab. Labuhanbatu","KODE":"5206","LINK_PENGUMUMAN_FORMASI":"https:\/\/labuhanbatukab,go.id","LINK_WEB_INSTANSI":"bkpp@labuhanbatukab.go.id","HELPDESK_INSTANSI":null,"MEDSOS_INSTANSI":"bkpp.labuhanbatukab.go.id\r\nfacebook: bkd labuhanbatu"},{"CALL_CENTER_INSTANSI":"082274866028","NAMA":"Pemerintah Kab. Toba Samosir","KODE":"5212","LINK_PENGUMUMAN_FORMASI":"tobasamosirkab.go.id","LINK_WEB_INSTANSI":"ppdi.bkdtobasa@gmail.com","HELPDESK_INSTANSI":null,"MEDSOS_INSTANSI":"https:\/\/www.facebook.com\/bkdtobasa,\r\nhttps:\/\/twitter.com\/bkdtobasa"},{"CALL_CENTER_INSTANSI":"https:\/\/sscn.bkn.go.id\r\nhttps:\/\/www.pakpakbharatkab.go.id\r\nhttps:\/\/bkd.pakpakbharatkab.go.id\r\nHP\/WA  0812 6371 640 an. Tumpak Boangmanalu, S.Sos \r\n","NAMA":"Pemerintah Kab. Pakpak Bharat","KODE":"5216","LINK_PENGUMUMAN_FORMASI":"-","LINK_WEB_INSTANSI":"-","HELPDESK_INSTANSI":"HP\/WA  0812 6371 640 an. Tumpak Boangmanalu, S.Sos","MEDSOS_INSTANSI":"-"},{"CALL_CENTER_INSTANSI":"BADAN KEPEGAWAIAN DAERAH\r\nKABUPATEN SAMOSIR\r\nJl. Raya Rianiate Km.5,5 Pangururan","NAMA":"Pemerintah Kab. Samosir","KODE":"5217","LINK_PENGUMUMAN_FORMASI":"www.samosirkab.go.id","LINK_WEB_INSTANSI":"bkdkabsamosir@gmail.com","HELPDESK_INSTANSI":"Kepala Bidang Pengadaan, Data Pegawai dan Kepangkatan\r\nNomor Kontak : \r\n1.\tRohabinsar P. Sitanggang,\t081362256007\r\n2.\tDarlinton Siringoringo,\t082274988341\r\n3.     Ferdinand Sitanggang, 081362492888","MEDSOS_INSTANSI":null},{"CALL_CENTER_INSTANSI":"www.bkdpadanglawasutarakab.go.id","NAMA":"Pemerintah Kab. Padang Lawas Utara","KODE":"5220","LINK_PENGUMUMAN_FORMASI":"www.bkdpadanglawasutarakab.go.id","LINK_WEB_INSTANSI":"bkdpadanglawasutarakab@gmail.com","HELPDESK_INSTANSI":"www.bkdpadanglawasutarakab.go.id","MEDSOS_INSTANSI":"IG : bkdpadanglawasutarakab"},{"CALL_CENTER_INSTANSI":"www.sibolgakota.go.id","NAMA":"Pemerintah Kota Sibolga","KODE":"5276","LINK_PENGUMUMAN_FORMASI":"www.sibolgakota.go.id","LINK_WEB_INSTANSI":"bkdkotasibolga@gmail.com","HELPDESK_INSTANSI":"bkdkotasibolga@gmail.com","MEDSOS_INSTANSI":null},{"CALL_CENTER_INSTANSI":null,"NAMA":"Pemerintah Kota Gunung Sitoli","KODE":"5278","LINK_PENGUMUMAN_FORMASI":"https:\/\/gunungsitolikota.go.id\/","LINK_WEB_INSTANSI":"bkd_kotagunungsitoli@yahoo.com","HELPDESK_INSTANSI":null,"MEDSOS_INSTANSI":null},{"CALL_CENTER_INSTANSI":"Badan Kepegawaian Daerah Provinsi Riau\r\nJln. Cut Nyak Dhien - Pekanbaru\r\n(0761) 21172, 28997, 33073\r\nhttps:\/\/bkd.riau.go.id","NAMA":"Pemerintah Provinsi Riau","KODE":"5300","LINK_PENGUMUMAN_FORMASI":"https:\/\/bkd.riau.go.id\/Penerimaan-CPNS-PemprovRiau-2018.pdf","LINK_WEB_INSTANSI":"bkd@riau.go.id","HELPDESK_INSTANSI":null,"MEDSOS_INSTANSI":null},{"CALL_CENTER_INSTANSI":null,"NAMA":"Pemerintah Kab. Indragiri Hulu","KODE":"5304","LINK_PENGUMUMAN_FORMASI":"https:\/\/bkd.inhukab.go.id\/Pengumuman CPNS 2018 Indragiri Hulu.pdf","LINK_WEB_INSTANSI":"bkd.inhu@gmail.com","HELPDESK_INSTANSI":null,"MEDSOS_INSTANSI":null},{"CALL_CENTER_INSTANSI":null,"NAMA":"Pemerintah Kab. Indragiri Hilir","KODE":"5305","LINK_PENGUMUMAN_FORMASI":"https:\/\/drive.google.com\/file\/d\/1_hoY931C-O6Msl--3nBQfnSNaO2Qdofv\/view?usp=sharing","LINK_WEB_INSTANSI":"pansel.cpnsinhil2018@gmail.com","HELPDESK_INSTANSI":null,"MEDSOS_INSTANSI":null},{"CALL_CENTER_INSTANSI":null,"NAMA":"Pemerintah Kab. Pelalawan","KODE":"5306","LINK_PENGUMUMAN_FORMASI":"bkd.pelalawankab.go.id\/files\/Pengumuman_CPNS_Pelalawan_2018.pdf","LINK_WEB_INSTANSI":null,"HELPDESK_INSTANSI":null,"MEDSOS_INSTANSI":null},{"CALL_CENTER_INSTANSI":null,"NAMA":"Pemerintah Kab. Rokan Hulu","KODE":"5307","LINK_PENGUMUMAN_FORMASI":"http:\/\/bkd.rokanhulukab.go.id\/cpns2018.pdf","LINK_WEB_INSTANSI":null,"HELPDESK_INSTANSI":null,"MEDSOS_INSTANSI":null},{"CALL_CENTER_INSTANSI":"0885265920000, 081374320133 DAN 081215627058","NAMA":"Pemerintah Kab. Rokan Hilir","KODE":"5308","LINK_PENGUMUMAN_FORMASI":".http:\/\/bkd.rohilkab.go.id\/download\/CPNS2018-JADI.pdf","LINK_WEB_INSTANSI":"http:\/\/rohilkab.go.id","HELPDESK_INSTANSI":"081374320133 DAN 081215627058","MEDSOS_INSTANSI":null},{"CALL_CENTER_INSTANSI":null,"NAMA":"Pemerintah Kab. Siak","KODE":"5309","LINK_PENGUMUMAN_FORMASI":"http:\/\/bkpsdmd.siakkab.go.id\/wp-content\/uploads\/2018\/09\/upload.pdf","LINK_WEB_INSTANSI":null,"HELPDESK_INSTANSI":null,"MEDSOS_INSTANSI":null},{"CALL_CENTER_INSTANSI":null,"NAMA":"Pemerintah Kab. Kuantan Singingi","KODE":"5312","LINK_PENGUMUMAN_FORMASI":"https:\/\/kuansing.go.id\/uploads\/files\/PENGUMUMAN_CPNS_2018_KAB_KUANTAN_SINGINGI_(FINAL).pdf","LINK_WEB_INSTANSI":null,"HELPDESK_INSTANSI":null,"MEDSOS_INSTANSI":null},{"CALL_CENTER_INSTANSI":null,"NAMA":"Pemerintah Kota Pekanbaru","KODE":"5371","LINK_PENGUMUMAN_FORMASI":"https:\/\/drive.google.com\/file\/d\/1weJ_7UYVuSy9fRDuJAcNu4_lZGWa3bUG\/view","LINK_WEB_INSTANSI":null,"HELPDESK_INSTANSI":null,"MEDSOS_INSTANSI":null},{"CALL_CENTER_INSTANSI":null,"NAMA":"Pemerintah Kab. Solok","KODE":"5404","LINK_PENGUMUMAN_FORMASI":"http:\/\/bkpsdm.solokkab.go.id\/hal-pengumuman-penerimaan-cpns-kabupaten-solok-2018.html","LINK_WEB_INSTANSI":null,"HELPDESK_INSTANSI":null,"MEDSOS_INSTANSI":null},{"CALL_CENTER_INSTANSI":"www.padangpanjang.go.id","NAMA":"Pemerintah Kota Padang Panjang","KODE":"5472","LINK_PENGUMUMAN_FORMASI":"www.padangpanjang.go.id","LINK_WEB_INSTANSI":"bkd.padangpanjang@gmail.com","HELPDESK_INSTANSI":"www.padangpanjang.go.id","MEDSOS_INSTANSI":"FACEBOOK BKPSDM PADANG PANJANG"},{"CALL_CENTER_INSTANSI":null,"NAMA":"Pemerintah Kota Padang","KODE":"5475","LINK_PENGUMUMAN_FORMASI":"https:\/\/tinyurl.com\/yd54sjoe","LINK_WEB_INSTANSI":"helpdesk.sscn@padang.go.id","HELPDESK_INSTANSI":null,"MEDSOS_INSTANSI":null},{"CALL_CENTER_INSTANSI":"www.tebokab.go.id","NAMA":"Pemerintah Kab. Tebo","KODE":"5507","LINK_PENGUMUMAN_FORMASI":"http:\/\/tebokab.go.id\/files\/cpns-2018\/Pengumuman_Penerimaan_ASN_Tebo_2018.pdf; http:\/\/tebokab.go.id\/files\/cpns-2018\/Lampiran_Pengumuman_ASN_Tebo_2018.pdf","LINK_WEB_INSTANSI":"bkpsdmtebokab@gmail.com","HELPDESK_INSTANSI":"www.tebokab.go.id","MEDSOS_INSTANSI":"akun twitter Panitia Seleksi CPNS Kab. Tebo 2018 (@PanitiaKab)"},{"CALL_CENTER_INSTANSI":"www.bkd.sumselprov.go.id","NAMA":"Pemerintah Provinsi Sumatera Selatan","KODE":"5600","LINK_PENGUMUMAN_FORMASI":"www.bkd.sumselprov.go.id","LINK_WEB_INSTANSI":"pengadaancpnssumsel2018@yahoo.com","HELPDESK_INSTANSI":"081341459158","MEDSOS_INSTANSI":null},{"CALL_CENTER_INSTANSI":"https:\/\/bkpsdm.mubakab.go.id","NAMA":"Pemerintah Kab. Musi Banyuasin","KODE":"5601","LINK_PENGUMUMAN_FORMASI":"https:\/\/drive.google.com\/open?id=1EAmWs3nK9HESlk-VST6RgyUKXEZXFvf0","LINK_WEB_INSTANSI":null,"HELPDESK_INSTANSI":"WhatsApp : 081266012230","MEDSOS_INSTANSI":null},{"CALL_CENTER_INSTANSI":"www.okukab.go.id dan  facebook.com\/bkpsdmoku","NAMA":"Pemerintah Kab. Ogan Komering Ulu","KODE":"5602","LINK_PENGUMUMAN_FORMASI":"https:\/\/drive.google.com\/open?id=1aJtwc7bqAW5PpHlWB8ChcIVuBrVUb_CT","LINK_WEB_INSTANSI":"bkdoku@yahoo.com","HELPDESK_INSTANSI":"(0735) 320057 Ext. 111","MEDSOS_INSTANSI":"facebook.com\/bkpsdmoku"},{"CALL_CENTER_INSTANSI":"0734-424557","NAMA":"Pemerintah Kab. Muara Enim","KODE":"5603","LINK_PENGUMUMAN_FORMASI":"http:\/\/bkpsdm.muaraenimkab.go.id\/web","LINK_WEB_INSTANSI":"bidangpifkabkpsdm@gmail.com","HELPDESK_INSTANSI":null,"MEDSOS_INSTANSI":null},{"CALL_CENTER_INSTANSI":"Whatsapp : 0811 7163300","NAMA":"Pemerintah Kab. Musi Rawas","KODE":"5605","LINK_PENGUMUMAN_FORMASI":"https:\/\/drive.google.com\/uc?export=download&id=1-_Q48_A_r-dKvfn9uT9abceMCrDMpc7b","LINK_WEB_INSTANSI":"bkpsdm@musirawaskab.go.id","HELPDESK_INSTANSI":"Telp : 0733 4540082","MEDSOS_INSTANSI":"Facebook : https:\/\/www.facebook.com\/Badan-Kepegawaian-dan-Pengembangan-SDM-Kabupaten-Musi-Rawas-563302447107309\/\r\n\r\nInstagram : https:\/\/www.instagram.com\/bkpsdm.musirawas\/"},{"CALL_CENTER_INSTANSI":"http:\/\/www.bkpsdm.banyuasinkab.go.id   ","NAMA":"Pemerintah Kab. Banyuasin","KODE":"5607","LINK_PENGUMUMAN_FORMASI":"http:\/\/sscn.bkn.go.id  dan http:\/\/bkpsdm.banyuasinkab.go.id ","LINK_WEB_INSTANSI":"cpnsbanyuasin@gmail.com ","HELPDESK_INSTANSI":"W.A 081273993526 ","MEDSOS_INSTANSI":null},{"CALL_CENTER_INSTANSI":"085321511116 (WA)","NAMA":"Pemerintah Kab. Ogan Komering Ulu Timur","KODE":"5608","LINK_PENGUMUMAN_FORMASI":"http:\/\/www.okutimurkab.go.id\/wp-content\/uploads\/2018\/09\/Pengumuman-CPNS-OKU-Timur.pdf","LINK_WEB_INSTANSI":"bkdokutimur@gmail.com","HELPDESK_INSTANSI":"085321511116 (WA)","MEDSOS_INSTANSI":null},{"CALL_CENTER_INSTANSI":"website : bkpsdm.okuselatankab.go.id \/ okuselatankab.go.id\r\nWhatsApp : 081373123005 (hanya melayani pesan)","NAMA":"Pemerintah Kab. Ogan Komering Ulu Sel.","KODE":"5609","LINK_PENGUMUMAN_FORMASI":"http:\/\/bkpsdm.okuselatankab.go.id\/wp-content\/uploads\/sites\/12\/2018\/09\/Pengumuman-CPNS-OKUS-Th-2018.pdf","LINK_WEB_INSTANSI":null,"HELPDESK_INSTANSI":null,"MEDSOS_INSTANSI":"facebook : Bkpsdm Kabupaten OKU Selatan"},{"CALL_CENTER_INSTANSI":null,"NAMA":"Pemerintah Kab. Ogan Ilir","KODE":"5610","LINK_PENGUMUMAN_FORMASI":"https:\/\/www.oganilir.go.id","LINK_WEB_INSTANSI":"bkdoganilir01@gmail.com","HELPDESK_INSTANSI":null,"MEDSOS_INSTANSI":null},{"CALL_CENTER_INSTANSI":"Nomor WA 081-369621979\r\nEmail : penerimaancpns4l@gmail.com","NAMA":"Pemerintah Kab. Empat Lawang","KODE":"5611","LINK_PENGUMUMAN_FORMASI":"http:\/\/sscn.bkn.go.id","LINK_WEB_INSTANSI":"penerimaancpns4l@gmail.com","HELPDESK_INSTANSI":"Nomor Wa 0813-69621979\r\nEmail : penerimaancpns4l@gmail.com","MEDSOS_INSTANSI":"http:\/\/www.empatlawang.go.id"},{"CALL_CENTER_INSTANSI":"(0733)325836","NAMA":"Pemerintah Kota Lubuk Linggau","KODE":"5673","LINK_PENGUMUMAN_FORMASI":"www.bkpsdm.lubuklinggaukota.go.id, http:\/\/info.bkpsdm.lubuklinggaukota.go.id\/semua-download.html","LINK_WEB_INSTANSI":"bkpsdm@bkpsdm.lubuklinggaukota.go.id","HELPDESK_INSTANSI":"0877 8994 4589 1","MEDSOS_INSTANSI":null},{"CALL_CENTER_INSTANSI":"bkpsdm.palikab.go.id","NAMA":"Pemerintah Kab. Penukal Abab Lematang Ilir","KODE":"5675","LINK_PENGUMUMAN_FORMASI":"bkpsdm.palikab.go.id","LINK_WEB_INSTANSI":"bkpsdm.palikab@gmail.com","HELPDESK_INSTANSI":"08538332389","MEDSOS_INSTANSI":"ig : bkpsdmpali\r\n"},{"CALL_CENTER_INSTANSI":"http:\/\/bkpsdmd.babelprov.go.id\/\r\nCall Center 08117877688","NAMA":"Pemerintah Provinsi Kep. Bangka Belitung","KODE":"5700","LINK_PENGUMUMAN_FORMASI":"http:\/\/bkpsdmd.babelprov.go.id\/","LINK_WEB_INSTANSI":"bkpsdmd@babelprov.go.id dengan judul subject: CPNS 2018","HELPDESK_INSTANSI":"Call Center 08117877688\r\nhelpdesk di Kantor BKPSDMD Pemerintah Provinsi Kepulauan Bangka Belitung","MEDSOS_INSTANSI":null},{"CALL_CENTER_INSTANSI":"http:\/\/bangka.go.id\/\r\n\r\n","NAMA":"Pemerintah Kab. Bangka","KODE":"5701","LINK_PENGUMUMAN_FORMASI":"https:\/\/bit.ly\/2NR6oe4","LINK_WEB_INSTANSI":"bkpsdmd@bangka.go.id","HELPDESK_INSTANSI":"081373379612 (hanya menerima WhatsApp dan SMS)\r\n(0717) 92414 pada hari Senin s.d. Sabtu pukul 08.00 WIB s,d. 14.00 WIB","MEDSOS_INSTANSI":"Facebook : bkpsdmd.bangka"},{"CALL_CENTER_INSTANSI":"(0716) 7323062 \/ 0812-7292-8037","NAMA":"Pemerintah Kab. Bangka Barat","KODE":"5703","LINK_PENGUMUMAN_FORMASI":"www.bangkabaratkab.go.id","LINK_WEB_INSTANSI":"bkppdbabar@gmail.com","HELPDESK_INSTANSI":"(0716) 7323062 \/ 0812-7292-8037","MEDSOS_INSTANSI":null},{"CALL_CENTER_INSTANSI":"website : www.bangkatengahkab.go.id.\r\nwebsite : https:\/\/sscn.bkn.go.id","NAMA":"Pemerintah Kab. Bangka Tengah","KODE":"5704","LINK_PENGUMUMAN_FORMASI":"http:\/\/tiny.cc\/42vryy","LINK_WEB_INSTANSI":null,"HELPDESK_INSTANSI":"wa nomor : 087713861967\r\n","MEDSOS_INSTANSI":null},{"CALL_CENTER_INSTANSI":"https:\/\/bkpsdm.belitungtimurkab.go.id\/","NAMA":"Pemerintah Kab. Belitung Timur","KODE":"5706","LINK_PENGUMUMAN_FORMASI":"https:\/\/bkpsdm.belitungtimurkab.go.id\/content\/pengumuman-cpns-pemerintah-kabupaten-belitung-timur-tahun-2018","LINK_WEB_INSTANSI":"bkpsdmbeltim@gmail.com dengan judul subject: CPNS 2018","HELPDESK_INSTANSI":"0812-7671-6868 dan 0812-7393-2145","MEDSOS_INSTANSI":"facebook: BKSDM Kabupaten Belitung Timur"},{"CALL_CENTER_INSTANSI":"alamat website : https:\/\/ bkpsdmd.pangkalpinangkota.go.id\r\ncall center : 081273365687\r\nwhatapp : 081273365687","NAMA":"Pemerintah Kota Pangkal Pinang","KODE":"5771","LINK_PENGUMUMAN_FORMASI":"http:\/\/bkpsdmd.pangkalpinangkota.go.id\/wp-content\/uploads\/2018\/09\/Pengumuman-Penerimaan-CPNS-Kota-Pangkalpinang-2018.pdf","LINK_WEB_INSTANSI":"bkpsdmd.kotapangkalpinang@gmail.com","HELPDESK_INSTANSI":"melalui website https:\/\/bkpsdmd.pangkalpinangkota.go.id","MEDSOS_INSTANSI":null},{"CALL_CENTER_INSTANSI":"0856-5830-3332  (CHAT ONLY)\r\nhttp:\/\/bkd.bengkuluprov.go.id\/category\/umum\/cpns2018\/\r\n","NAMA":"Pemerintah Provinsi Bengkulu","KODE":"5800","LINK_PENGUMUMAN_FORMASI":" http:\/\/bkd.bengkuluprov.go.id\/pengumuman-cpns-2018\/","LINK_WEB_INSTANSI":"-","HELPDESK_INSTANSI":" http:\/\/bkd.bengkuluprov.go.id\/dwqa-questions\/","MEDSOS_INSTANSI":"-"},{"CALL_CENTER_INSTANSI":null,"NAMA":"Pemerintah Kab. Bengkulu Utara","KODE":"5801","LINK_PENGUMUMAN_FORMASI":"http:\/\/bengkuluutarakab.go.id\/2018\/09\/18\/informasi-penerimaan-cpns-daerah-kabupaten-bengkulu-utara-tahun-2018\/","LINK_WEB_INSTANSI":"pendataanbkppd.bu@gmail.com","HELPDESK_INSTANSI":null,"MEDSOS_INSTANSI":null},{"CALL_CENTER_INSTANSI":null,"NAMA":"Pemerintah Kab. Bengkulu Selatan","KODE":"5802","LINK_PENGUMUMAN_FORMASI":"https:\/\/bkpsdm.bengkuluselatankab.go.id\/2018\/09\/18\/pengumuman-cpns-kabupaten-bengkulu-selatan\/","LINK_WEB_INSTANSI":null,"HELPDESK_INSTANSI":null,"MEDSOS_INSTANSI":null},{"CALL_CENTER_INSTANSI":null,"NAMA":"Pemerintah Kab. Kaur","KODE":"5804","LINK_PENGUMUMAN_FORMASI":"http:\/\/tiny.cc\/b2ssyy","LINK_WEB_INSTANSI":null,"HELPDESK_INSTANSI":null,"MEDSOS_INSTANSI":null},{"CALL_CENTER_INSTANSI":null,"NAMA":"Pemerintah Kab. Kepahiang","KODE":"5807","LINK_PENGUMUMAN_FORMASI":"http:\/\/bit.ly\/2OuStHw","LINK_WEB_INSTANSI":null,"HELPDESK_INSTANSI":null,"MEDSOS_INSTANSI":"https:\/\/web.facebook.com\/BKDPSDMKabKepahiang\/"},{"CALL_CENTER_INSTANSI":"081377813367\r\n081367349830","NAMA":"Pemerintah Kab. Lebong","KODE":"5808","LINK_PENGUMUMAN_FORMASI":"http:\/\/lebongkab.go.id\/2018\/09\/18\/pengumuman-kebutuhan-pegawai-asn-kabupaten-lebong-ta-2018\/","LINK_WEB_INSTANSI":"bidangmutasibkpsdmlebong@gmail.com","HELPDESK_INSTANSI":"081377813367\r\n081367349830","MEDSOS_INSTANSI":null},{"CALL_CENTER_INSTANSI":null,"NAMA":"Pemerintah Kab. Lampung Barat","KODE":"5904","LINK_PENGUMUMAN_FORMASI":"lampungbaratkab.go.id","LINK_WEB_INSTANSI":"bkdlambar@gmail.com","HELPDESK_INSTANSI":"(0728) 21190\r\n085268750814\r\n085269088881","MEDSOS_INSTANSI":null},{"CALL_CENTER_INSTANSI":"www.tanggamus.go.id\r\n0722 21863","NAMA":"Pemerintah Kab. Tanggamus","KODE":"5906","LINK_PENGUMUMAN_FORMASI":"www.tanggamus.go.id","LINK_WEB_INSTANSI":"pengadaan.bkpsdm17@gmail.com","HELPDESK_INSTANSI":"pengadaan.bkpsdm17@gmail.com\r\n0722 21863","MEDSOS_INSTANSI":null},{"CALL_CENTER_INSTANSI":null,"NAMA":"Pemerintah Kab. Pesawaran","KODE":"5909","LINK_PENGUMUMAN_FORMASI":"http:\/\/www.pesawarankab.go.id","LINK_WEB_INSTANSI":"bkpsdmkabpesawaran@gmail.com","HELPDESK_INSTANSI":null,"MEDSOS_INSTANSI":null},{"CALL_CENTER_INSTANSI":null,"NAMA":"Pemerintah Provinsi Daerah Khusus Ibukota Jakarta","KODE":"6000","LINK_PENGUMUMAN_FORMASI":"https:\/\/bkddki.jakarta.go.id\/rekrutmencpns2018","LINK_WEB_INSTANSI":null,"HELPDESK_INSTANSI":null,"MEDSOS_INSTANSI":null},{"CALL_CENTER_INSTANSI":"085858585858","NAMA":"Pemerintah Provinsi Jawa Barat","KODE":"6100","LINK_PENGUMUMAN_FORMASI":"http:\/\/bkd.jabarprov.go.id\/","LINK_WEB_INSTANSI":null,"HELPDESK_INSTANSI":null,"MEDSOS_INSTANSI":"FB : https:\/\/facebook\/bkd"},{"CALL_CENTER_INSTANSI":"http:\/\/bkpp.bogorkab.go.id","NAMA":"Pemerintah Kab. Bogor","KODE":"6101","LINK_PENGUMUMAN_FORMASI":"http:\/\/bkpp.bogorkab.go.id","LINK_WEB_INSTANSI":"bkpp@bogorkab.go.id","HELPDESK_INSTANSI":null,"MEDSOS_INSTANSI":null},{"CALL_CENTER_INSTANSI":"Telepon : (0266) 531872\r\nWebsite : https:\/\/bkpsdm.sukabumikab.go.id","NAMA":"Pemerintah Kab. Sukabumi","KODE":"6102","LINK_PENGUMUMAN_FORMASI":"https:\/\/bkpsdm.sukabumikab.go.id","LINK_WEB_INSTANSI":"formasikabsukabumi@gmail.com","HELPDESK_INSTANSI":"https:\/\/helpdesk.bkn.go.id","MEDSOS_INSTANSI":null},{"CALL_CENTER_INSTANSI":"www.purwakartakab.go.id    bkpsdm.purwakartakab.go.id \r\nNo WA : 08111169169","NAMA":"Pemerintah Kab. Purwakarta","KODE":"6106","LINK_PENGUMUMAN_FORMASI":"www.purwakartakab.go.id    bkpsdm.purwakartakab.go.id","LINK_WEB_INSTANSI":"bkpsdm@purwakartakab.go.id","HELPDESK_INSTANSI":"No WA : 08111169169\r\nbkpsdm.purwakartakab.go.id","MEDSOS_INSTANSI":"https:\/\/www.facebook.com\/bkpsdmpwk"},{"CALL_CENTER_INSTANSI":"www.sscn.bkn.go.id\r\nwww.subang.go.id\r\nwww.bkpsdm.subang.go.id","NAMA":"Pemerintah Kab. Subang","KODE":"6107","LINK_PENGUMUMAN_FORMASI":"https:\/\/drive.google.com\/file\/d\/1yG0Q_kJ4pb2V9_QOrapDZ0-cyqWWald4\/view?usp=sharing","LINK_WEB_INSTANSI":"pengadaancpns.kabsubang@gmail.com","HELPDESK_INSTANSI":null,"MEDSOS_INSTANSI":null},{"CALL_CENTER_INSTANSI":"www.tasikmalayakab.go.id","NAMA":"Pemerintah Kab. Tasikmalaya","KODE":"6111","LINK_PENGUMUMAN_FORMASI":"www.tasikmalayakab.go.id","LINK_WEB_INSTANSI":"bkd@tasikmalayakab.go.id","HELPDESK_INSTANSI":"(0265)330171\r\nwww.tasikmalayakab.go.id","MEDSOS_INSTANSI":null},{"CALL_CENTER_INSTANSI":null,"NAMA":"Pemerintah Kab. Ciamis","KODE":"6112","LINK_PENGUMUMAN_FORMASI":"https:\/\/tinyurl.com\/y9d9e2yr","LINK_WEB_INSTANSI":null,"HELPDESK_INSTANSI":null,"MEDSOS_INSTANSI":null},{"CALL_CENTER_INSTANSI":"http:\/\/bkpsdm.cirebonkab.go.id\r\nWhatsapp : ","NAMA":"Pemerintah Kab. Cirebon","KODE":"6113","LINK_PENGUMUMAN_FORMASI":"https:\/\/sscn.bkn.go.id dan http:\/\/bkpsdm.cirebonkab.go.id","LINK_WEB_INSTANSI":"cpns2018@cirebonkab.go.id","HELPDESK_INSTANSI":"email: cpns2018@cirebonkab.go.id","MEDSOS_INSTANSI":"Whatsapp: \r\nFB: BKPSDM Kab. Cirebon"},{"CALL_CENTER_INSTANSI":"https:\/\/bkpsdm.indramayukab.go.id\r\nhttps:\/\/diskominfo.indramayukab.go.id","NAMA":"Pemerintah Kab. Indramayu","KODE":"6115","LINK_PENGUMUMAN_FORMASI":"https:\/\/tinyurl.com\/pengumumancpnsindramayu2018","LINK_WEB_INSTANSI":"pengkespeg.bkd@gmail.com","HELPDESK_INSTANSI":"0234-275006 Mulai Pukul 08.00 s.d 16.00 WIB","MEDSOS_INSTANSI":"https:\/\/www.facebook.com\/bkpsdmindramayu"},{"CALL_CENTER_INSTANSI":"http:\/\/bandungbaratkab.go.id\r\n\r\n082120531725 tidak menerima sms\/pesan WA","NAMA":"Pemerintah Kab. Bandung Barat","KODE":"6117","LINK_PENGUMUMAN_FORMASI":"http:\/\/bandungbaratkab.go.id\/artikel\/penerimaan-calon-pegawai-negara-sipil-cpns-di-lingkungan-pemerintah-kab-bandung-barat-tahun-2018","LINK_WEB_INSTANSI":"cpnskbb2018@gmail.com","HELPDESK_INSTANSI":"http:\/\/bandungbaratkab.go.id\r\n\r\n082120531725 tidak menerima sms\/pesan WA","MEDSOS_INSTANSI":null},{"CALL_CENTER_INSTANSI":"http:\/\/asnpangandarankab.id\/","NAMA":"Pemerintah Kab. Pangandaran","KODE":"6118","LINK_PENGUMUMAN_FORMASI":"http:\/\/asnpangandarankab.id\/","LINK_WEB_INSTANSI":"helpdesk@asnpangandarankab.id","HELPDESK_INSTANSI":"email :  helpdesk@asnpangandarankab.id","MEDSOS_INSTANSI":"https:\/\/www.facebook.com\/bkpsdm.pgdrn\/"},{"CALL_CENTER_INSTANSI":"Telp. 081395733447, 085956064735 \r\nWebsite: https:\/\/www.bandung.go.id atau http:\/\/bkpp.bandung.go.id","NAMA":"Pemerintah Kota Bandung","KODE":"6171","LINK_PENGUMUMAN_FORMASI":"https:\/\/www.bandung.go.id atau http:\/\/bkpp.bandung.go.id","LINK_WEB_INSTANSI":"seleksicpns@bandung.go.id","HELPDESK_INSTANSI":"Telp. 081395733447, 085956064735 pada hari Senin s.d. Jumat pukul 08.00 s.d. 16.30 WIB","MEDSOS_INSTANSI":"twitter: @bkppkotabandung"},{"CALL_CENTER_INSTANSI":"TELEPON : 0251 - 8356170\r\nWEBSITE  : bkpsda.kotabogor.go.id","NAMA":"Pemerintah Kota Bogor","KODE":"6172","LINK_PENGUMUMAN_FORMASI":"https:\/\/kotabogor.go.id","LINK_WEB_INSTANSI":"bkpsda@kotabogor.go.id","HELPDESK_INSTANSI":"TELEPON : 0251 - 8356170\r\nWEBSITE  : bkpsda.kotabogor.go.id","MEDSOS_INSTANSI":"FACEBOOK : bkpsdakotabogor\r\nTWITTER : @bkpsdakotabogor"},{"CALL_CENTER_INSTANSI":"Telp : (0266) 214456\r\nWebsite : www.sukabumikota.go.id\r\n                www.bkpsdm.sukabumikota.go.id","NAMA":"Pemerintah Kota Sukabumi","KODE":"6173","LINK_PENGUMUMAN_FORMASI":"www.sukabumikota.go.id","LINK_WEB_INSTANSI":"bkpsdmkotasukabumi@gmail.com","HELPDESK_INSTANSI":"Telp : (0266) 214456\r\nWebsite : www.sukabumikota.go.id\r\n                www.bkpsdm.sukabumikota.go.id","MEDSOS_INSTANSI":null},{"CALL_CENTER_INSTANSI":"BKPPD KOTA CIREBON\r\nJl. Tanda Barat No. 33 Kejaksan, Kota Cirebon\r\nTelephone 0231- 246402","NAMA":"Pemerintah Kota Cirebon","KODE":"6174","LINK_PENGUMUMAN_FORMASI":"http:\/\/www.cirebonkota.go.id\/?cat=8","LINK_WEB_INSTANSI":"bkdiklat@cirebonkota.go.id","HELPDESK_INSTANSI":null,"MEDSOS_INSTANSI":"Facebook: https:\/\/www.facebook.com\/bkppd.cirebonkota\/"},{"CALL_CENTER_INSTANSI":"https:\/\/bkppd.bekasikota.go.id","NAMA":"Pemerintah Kota Bekasi","KODE":"6175","LINK_PENGUMUMAN_FORMASI":"https:\/\/bekasikota.go.id","LINK_WEB_INSTANSI":"hd.cpns2018@bekasikota.go.id","HELPDESK_INSTANSI":"1500 (call center)","MEDSOS_INSTANSI":"@BKPPDBekasiKota"},{"CALL_CENTER_INSTANSI":"www.cimahikota.go.id","NAMA":"Pemerintah Kota Cimahi","KODE":"6177","LINK_PENGUMUMAN_FORMASI":"cimahikota.go.id\/uploads\/announcement\/pcc2018.pdf","LINK_WEB_INSTANSI":"helpdeskcasn@cimahikota.go.id","HELPDESK_INSTANSI":"(022) 6642149","MEDSOS_INSTANSI":"https:\/\/web.facebook.com\/groups\/bkpsdmdcimahi\/\r\nfb:Badan Kepegawaian dan Pengembangan SDM Daerah Kota Cimahi"},{"CALL_CENTER_INSTANSI":"www.banjarkota.go.id","NAMA":"Pemerintah Kota Banjar","KODE":"6179","LINK_PENGUMUMAN_FORMASI":"www.banjarkota.go.id","LINK_WEB_INSTANSI":null,"HELPDESK_INSTANSI":null,"MEDSOS_INSTANSI":null},{"CALL_CENTER_INSTANSI":"http:\/\/bkd.pandeglangkab.go.id\/","NAMA":"Pemerintah Kab. Pandeglang","KODE":"6202","LINK_PENGUMUMAN_FORMASI":"http:\/\/bkd.pandeglangkab.go.id\/index.php\/direktori\/category\/8-pengumuman-cpns","LINK_WEB_INSTANSI":"bkd@pandeglangkab.go.id","HELPDESK_INSTANSI":"http:\/\/bkd.pandeglangkab.go.id\/\r\nNo Telp : 0253-202115\r\n","MEDSOS_INSTANSI":"Fb : Bkd Pandeglang\r\nTwitter : @bkd_pandeglang"},{"CALL_CENTER_INSTANSI":"https:\/\/bkpp.lebakkab.go.id","NAMA":"Pemerintah Kab. Lebak","KODE":"6203","LINK_PENGUMUMAN_FORMASI":"https:\/\/bkpp.lebakkab.go.id","LINK_WEB_INSTANSI":"bkpplebak@gmail.com","HELPDESK_INSTANSI":"https:\/\/bkpp.lebakkab.go.id","MEDSOS_INSTANSI":null},{"CALL_CENTER_INSTANSI":"bkpp.cilegon.go.id\r\n0245-380577","NAMA":"Pemerintah Kota Cilegon","KODE":"6272","LINK_PENGUMUMAN_FORMASI":"http:\/\/bkpp.cilegon.go.id\/files\/pengumumancpns2018.pdf","LINK_WEB_INSTANSI":"cpnskotacilegon@gmail.com","HELPDESK_INSTANSI":"0245-380577","MEDSOS_INSTANSI":"facebook.com\/cpns.kotacilegon"},{"CALL_CENTER_INSTANSI":"0254","NAMA":"Pemerintah Kota Serang","KODE":"6273","LINK_PENGUMUMAN_FORMASI":"bkpsdm.serangkota.go.id ","LINK_WEB_INSTANSI":"bkdserangkota@yahoo.com","HELPDESK_INSTANSI":"0254","MEDSOS_INSTANSI":"bkpsdm.serangkota.go.id"},{"CALL_CENTER_INSTANSI":"https:\/\/asn.bantulkab.go.id","NAMA":"Pemerintah Kab. Bantul","KODE":"6301","LINK_PENGUMUMAN_FORMASI":"https:\/\/asn.bantulkab.go.id","LINK_WEB_INSTANSI":"cpns@bantulkab.go.id","HELPDESK_INSTANSI":"Telp. 0274-367509 pswt. 467","MEDSOS_INSTANSI":null},{"CALL_CENTER_INSTANSI":null,"NAMA":"Pemerintah Kab. Gunung Kidul","KODE":"6303","LINK_PENGUMUMAN_FORMASI":"http:\/\/bkppd.gunungkidulkab.go.id\/cpns\/","LINK_WEB_INSTANSI":null,"HELPDESK_INSTANSI":"BKPPD Kabupaten Gunungkidul\r\nNo.Telpon 0274 - 391393\r\nWebsite http:\/\/bkppd.gunungkidulkab,go.id","MEDSOS_INSTANSI":null},{"CALL_CENTER_INSTANSI":"https:\/\/bkd.jepara.go.id\/","NAMA":"Pemerintah Kab. Jepara","KODE":"6412","LINK_PENGUMUMAN_FORMASI":"https:\/\/jepara.go.id\/","LINK_WEB_INSTANSI":"bkd@jeparakab.go.id","HELPDESK_INSTANSI":"https:\/\/bkd.jepara.go.id\/","MEDSOS_INSTANSI":"@bkdjepara"},{"CALL_CENTER_INSTANSI":"https:\/\/www.bkppd.purbalinggakab.go.id\r\n","NAMA":"Pemerintah Kab. Purbalingga","KODE":"6417","LINK_PENGUMUMAN_FORMASI":"https:\/\/www.bkppd.purbalinggakab.go.id","LINK_WEB_INSTANSI":"bkd@purbalinggakab.go.id","HELPDESK_INSTANSI":"Email : bkd@purbalinggakab.go.id\r\nTelepon : (0281) 891334","MEDSOS_INSTANSI":null},{"CALL_CENTER_INSTANSI":null,"NAMA":"Pemerintah Kab. Banjarnegara","KODE":"6418","LINK_PENGUMUMAN_FORMASI":"https:\/\/drive.google.com\/file\/d\/1WEOjsbvdtuAKdUIX6lP8xKAIzdju6bqE\/view?usp=sharing","LINK_WEB_INSTANSI":null,"HELPDESK_INSTANSI":null,"MEDSOS_INSTANSI":null},{"CALL_CENTER_INSTANSI":"http:\/\/bkdiklatda.salatiga.go.id\r\nhttp:\/\/salatiga.go.id","NAMA":"Pemerintah Kota Salatiga","KODE":"6472","LINK_PENGUMUMAN_FORMASI":"http:\/\/bkdiklatda.salatiga.go.id","LINK_WEB_INSTANSI":"bkdikldatda@salatiga.go.id","HELPDESK_INSTANSI":"http:\/\/bkdiklatda.salatiga.go.id","MEDSOS_INSTANSI":"facebook : bkdiklatda.salatiga"},{"CALL_CENTER_INSTANSI":null,"NAMA":"Pemerintah Kota Pekalongan","KODE":"6473","LINK_PENGUMUMAN_FORMASI":"http:\/\/bkppdpelayananasn.pekalongankota.go.id\/posts\/pengumuman\/kebutuhan_pns_di_lingkungan_pemerintah_kota_pekalongan_tahun_2018","LINK_WEB_INSTANSI":null,"HELPDESK_INSTANSI":null,"MEDSOS_INSTANSI":null},{"CALL_CENTER_INSTANSI":"bkppd.tegalkota.go.id","NAMA":"Pemerintah Kota Tegal","KODE":"6474","LINK_PENGUMUMAN_FORMASI":"http:\/\/bkppd.tegalkota.go.id\/cpns-2018-pemkot\/","LINK_WEB_INSTANSI":"cpns2018kotategal@gmail.com","HELPDESK_INSTANSI":null,"MEDSOS_INSTANSI":null},{"CALL_CENTER_INSTANSI":"http:\/\/bkd.jatimprov.go.id\/","NAMA":"Pemerintah Provinsi Jawa Timur","KODE":"6500","LINK_PENGUMUMAN_FORMASI":"http:\/\/bkd.jatimprov.go.id\/","LINK_WEB_INSTANSI":"bkdjatim@gmail.com","HELPDESK_INSTANSI":"http:\/\/bkd.jatimprov.go.id\/","MEDSOS_INSTANSI":"@bkdjatim"},{"CALL_CENTER_INSTANSI":"www.bkd.gresikkab.go.id","NAMA":"Pemerintah Kab. Gresik","KODE":"6501","LINK_PENGUMUMAN_FORMASI":"www.bkd.gresikkab.go.id","LINK_WEB_INSTANSI":"subbid.forbang@gmail.com","HELPDESK_INSTANSI":"No Telp : - 081252522738\r\n- 081334259055\r\n- 082225952648\r\n- 081270481416","MEDSOS_INSTANSI":"www.bkd.gresikkab.go.id"},{"CALL_CENTER_INSTANSI":"http:\/\/bkd.sidoarjokab.go.id\/","NAMA":"Pemerintah Kab. Sidoarjo","KODE":"6503","LINK_PENGUMUMAN_FORMASI":"http:\/\/bkd.sidoarjokab.go.id\/","LINK_WEB_INSTANSI":"bkd.sidoarjokab@gmail.com","HELPDESK_INSTANSI":"http:\/\/bkd.sidoarjokab.go.id\/","MEDSOS_INSTANSI":null},{"CALL_CENTER_INSTANSI":null,"NAMA":"Pemerintah Kab. Jombang","KODE":"6504","LINK_PENGUMUMAN_FORMASI":"http:\/\/bkd.jombangkab.go.id\/cpns2018\/dokumen\/pengumuman_cpns_jombang_2018_09_18_lengkap.pdf","LINK_WEB_INSTANSI":null,"HELPDESK_INSTANSI":null,"MEDSOS_INSTANSI":null},{"CALL_CENTER_INSTANSI":"Website : bkd.pamekasankab.go.id\r\nEmail : bkd.pamekasan@gmail.com","NAMA":"Pemerintah Kab. Pamekasan","KODE":"6506","LINK_PENGUMUMAN_FORMASI":"https:\/\/bkd.pamekasankab.go.id\/","LINK_WEB_INSTANSI":"bkd.pamekasan@gmail.com","HELPDESK_INSTANSI":"Website : bkd.pamekasankab.go.id\r\nEmail : bkd.pamekasan@gmail.com","MEDSOS_INSTANSI":"FP Facebook : BKPSDM Kab Pamekasan"},{"CALL_CENTER_INSTANSI":"http:\/\/www.bangkalankab.go.id\r\nhttp:\/\/www.bkpsda.bangkalankab.go.id","NAMA":"Pemerintah Kab. Bangkalan","KODE":"6508","LINK_PENGUMUMAN_FORMASI":"http:\/\/www.bangkalankab.go.id","LINK_WEB_INSTANSI":null,"HELPDESK_INSTANSI":"082334093889\r\n087849889929\r\n[ hanya menerima WhatsApp dan SMS] pada hari Kerja","MEDSOS_INSTANSI":"Facebook : Helpdesk CPNS 2018 Bangkalan\r\n"},{"CALL_CENTER_INSTANSI":"BKD Bondowoso\r\nhttp:\/\/bkd.bondowosokab.go.id\/","NAMA":"Pemerintah Kab. Bondowoso","KODE":"6509","LINK_PENGUMUMAN_FORMASI":"http:\/\/bkd.bondowosokab.go.id\/pengumuman-penerimaan-cpnsd-bondowoso-tahun-2018\/","LINK_WEB_INSTANSI":"bondowosobkd@gmail.com","HELPDESK_INSTANSI":"BKD Bondowoso\r\n\r\n0821-4326-7811 \r\n","MEDSOS_INSTANSI":"FansPage BKD Bondowoso\r\nTwitter @BKD_Bondowoso"},{"CALL_CENTER_INSTANSI":"081335901955\r\nbkpsdm.situbondokab.go.id","NAMA":"Pemerintah Kab. Situbondo","KODE":"6510","LINK_PENGUMUMAN_FORMASI":"http:\/\/bkpsdm.situbondokab.go.id\/cpns\/pengumuman_cpns_kabsitubondo_2018.pdf","LINK_WEB_INSTANSI":"bkpsdm.pik@gmail.com","HELPDESK_INSTANSI":"081335901955\r\nbkpsdm.situbondokab.go.id","MEDSOS_INSTANSI":null},{"CALL_CENTER_INSTANSI":"www.bkd.banyuwangikab.go.id","NAMA":"Pemerintah Kab. Banyuwangi","KODE":"6511","LINK_PENGUMUMAN_FORMASI":"www.bkd.banyuwangikab.go.id","LINK_WEB_INSTANSI":"hkh","HELPDESK_INSTANSI":"kjj","MEDSOS_INSTANSI":"jljl"},{"CALL_CENTER_INSTANSI":"0331 - 486361\r\n0331 - 410266\r\nbkd.jemberkab.go.id","NAMA":"Pemerintah Kab. Jember","KODE":"6512","LINK_PENGUMUMAN_FORMASI":"http:\/\/bkd.jemberkab.go.id\/?p=264","LINK_WEB_INSTANSI":"bkpsdm.kab.jember@gmail.com","HELPDESK_INSTANSI":"0331 - 486361\r\n0331 - 410266\r\n","MEDSOS_INSTANSI":null},{"CALL_CENTER_INSTANSI":"https:\/\/bkd.lumajangkab.go.id","NAMA":"Pemerintah Kab. Lumajang","KODE":"6516","LINK_PENGUMUMAN_FORMASI":"https:\/\/bkd.lumajangkab.go.id","LINK_WEB_INSTANSI":"bkd@lumajangkab.go.id","HELPDESK_INSTANSI":"https:\/\/bkd.lumajangkab.go.id","MEDSOS_INSTANSI":null},{"CALL_CENTER_INSTANSI":"http:\/\/www.kedirikab.go.id\/","NAMA":"Pemerintah Kab. Kediri","KODE":"6517","LINK_PENGUMUMAN_FORMASI":"http:\/\/www.kedirikab.go.id\/index.php?option=com_attachments&task=download&id=244","LINK_WEB_INSTANSI":"bkd@kedirikab.go.id","HELPDESK_INSTANSI":null,"MEDSOS_INSTANSI":null},{"CALL_CENTER_INSTANSI":"http:\/\/bkpp.ngawikab.go.id\/","NAMA":"Pemerintah Kab. Ngawi","KODE":"6523","LINK_PENGUMUMAN_FORMASI":"http:\/\/bkpp.ngawikab.go.id\/","LINK_WEB_INSTANSI":"bkpp@ngawikab.go.id","HELPDESK_INSTANSI":"http:\/\/bkpp.ngawikab.go.id\/","MEDSOS_INSTANSI":null},{"CALL_CENTER_INSTANSI":"Contact 082232667904\r\nWebsite http:\/\/sscn.bkn.go.id dan bkd.magetan.go.id ","NAMA":"Pemerintah Kab. Magetan","KODE":"6524","LINK_PENGUMUMAN_FORMASI":"http:\/\/bkd.magetan.go.id\/2018\/09\/18\/cpnsmagetan2018\/","LINK_WEB_INSTANSI":"-","HELPDESK_INSTANSI":"Contact 082232667904\r\nWebsite bkd.magetan.go.id ","MEDSOS_INSTANSI":"https:\/\/www.facebook.com\/bkdmagetan "},{"CALL_CENTER_INSTANSI":"Telp.  0353 881552\r\nWA   085336378415","NAMA":"Pemerintah Kab. Bojonegoro","KODE":"6527","LINK_PENGUMUMAN_FORMASI":"http:\/\/bkpp.bojonegorokab.go.id","LINK_WEB_INSTANSI":"cpnsbojonegoro2018@gmail.com","HELPDESK_INSTANSI":"Telp.  0353 881552\r\nWA   085336378415","MEDSOS_INSTANSI":null},{"CALL_CENTER_INSTANSI":"http:\/\/bkd.lamongankab.go.id\/","NAMA":"Pemerintah Kab. Lamongan","KODE":"6529","LINK_PENGUMUMAN_FORMASI":"http:\/\/bkd.lamongankab.go.id\/","LINK_WEB_INSTANSI":"bkd@lamongankab.go.id","HELPDESK_INSTANSI":"http:\/\/bkd.lamongankab.go.id\/","MEDSOS_INSTANSI":"https:\/\/www.facebook.com\/bkd.lamongan\/\r\nhttps:\/\/www.instagram.com\/bkd_kab_lamongan\/\r\nhttps:\/\/twitter.com\/BKD_Lamongan"},{"CALL_CENTER_INSTANSI":"0341-328829","NAMA":"Pemerintah Kota Malang","KODE":"6573","LINK_PENGUMUMAN_FORMASI":"bkd.kotamalang.go.id","LINK_WEB_INSTANSI":"inka.bkd.kotamalang@gmail.com","HELPDESK_INSTANSI":"0341-328829","MEDSOS_INSTANSI":null},{"CALL_CENTER_INSTANSI":"http:\/\/bkpsdm.probolinggokota.go.id\r\n\r\n","NAMA":"Pemerintah Kota Probolinggo","KODE":"6575","LINK_PENGUMUMAN_FORMASI":"http:\/\/bkpsdm.probolinggokota.go.id","LINK_WEB_INSTANSI":null,"HELPDESK_INSTANSI":"http:\/\/bkpsdm.probolinggokota.go.id","MEDSOS_INSTANSI":null},{"CALL_CENTER_INSTANSI":"Telp : (0342) 813913 Ext. 137\r\nWebsite : http:\/\/bkd.blitarkota.go.id","NAMA":"Pemerintah Kota Blitar","KODE":"6576","LINK_PENGUMUMAN_FORMASI":"https:\/\/drive.google.com\/file\/d\/1schikTU0qZQBrXfzhE2rvS01G8LJXHNj\/view?usp=sharing","LINK_WEB_INSTANSI":"bkd@blitarkota.go.id","HELPDESK_INSTANSI":"Telp : (0342) 813913 Ext. 137\r\n","MEDSOS_INSTANSI":"Facebook : https:\/\/www.facebook.com\/Badan-Kepegawaian-Daerah-Kota-Blitar-1577201639207702\/\r\nTwitter : @BKD_KOTA_BLITAR"},{"CALL_CENTER_INSTANSI":"082148488744 Kasubbid Pengadaan\r\n081522549966 Admin SSCN","NAMA":"Pemerintah Provinsi Kalimantan Barat","KODE":"6600","LINK_PENGUMUMAN_FORMASI":"kalbarprov.go.id","LINK_WEB_INSTANSI":"sscnbkdkalbar@gmail.com","HELPDESK_INSTANSI":"082148488744 Kasubbid Pengadaan\r\n081522549966 Admin SSCN","MEDSOS_INSTANSI":"@sscnbkdkalbar\r\ntwiter"},{"CALL_CENTER_INSTANSI":"http:\/\/bkpsdm.sanggau.go.id","NAMA":"Pemerintah Kab. Sanggau","KODE":"6602","LINK_PENGUMUMAN_FORMASI":"http:\/\/bit.ly\/CPNSDSANGGAU2018","LINK_WEB_INSTANSI":"-","HELPDESK_INSTANSI":"-","MEDSOS_INSTANSI":"-"},{"CALL_CENTER_INSTANSI":"WA : 0831-51-038066 ","NAMA":"Pemerintah Kab. Sintang","KODE":"6603","LINK_PENGUMUMAN_FORMASI":"http:\/\/www.sintang.go.id dan http:\/\/www.bkdsintang-simpeg.com","LINK_WEB_INSTANSI":"panseldacpns@yahoo.com","HELPDESK_INSTANSI":"panseldacpns@yahoo.com","MEDSOS_INSTANSI":"WA : 0831-51-038066 "},{"CALL_CENTER_INSTANSI":"https:\/\/mempawahkab.go.id dan\r\nBKPSDM Kab. Mempawah (0561) 695 - 594","NAMA":"Pemerintah Kab. Mempawah","KODE":"6604","LINK_PENGUMUMAN_FORMASI":"https:\/\/mempawahkab.go.id","LINK_WEB_INSTANSI":null,"HELPDESK_INSTANSI":"https:\/\/mempawahkab.go.id dan\r\nBKPSDM Kab. Mempawah (0561) 695 - 594","MEDSOS_INSTANSI":null},{"CALL_CENTER_INSTANSI":"http:\/\/bengkayangkab.go.id\/","NAMA":"Pemerintah Kab. Bengkayang","KODE":"6607","LINK_PENGUMUMAN_FORMASI":"http:\/\/bengkayangkab.go.id\/","LINK_WEB_INSTANSI":"bkdpsdmbengkayang@gmail.com","HELPDESK_INSTANSI":"085787220164","MEDSOS_INSTANSI":"https:\/\/www.facebook.com\/BKDPSDMbengkayang"},{"CALL_CENTER_INSTANSI":"https:\/\/www.melawikab.go.id","NAMA":"Pemerintah Kab. Melawi","KODE":"6609","LINK_PENGUMUMAN_FORMASI":"https:\/\/www.melawikab.go.id dan Facebook: bkpsdm melawi, IG: bkpsdmmelawi","LINK_WEB_INSTANSI":"bidangdata.bkd@gmail.com              ","HELPDESK_INSTANSI":null,"MEDSOS_INSTANSI":"Facebook: bkpsdm melawi\r\nIG: bkpsdmmelawi"},{"CALL_CENTER_INSTANSI":"Contack Person :\r\nIndo Machdory HP :  0896-9442-5742\r\n\r\nWebsite Resmi Kayong Utara : http:\/\/kayongutarakab.go.id\/","NAMA":"Pemerintah Kab. Kayong Utara","KODE":"6612","LINK_PENGUMUMAN_FORMASI":"http:\/\/kayongutarakab.go.id\/index.php\/pengumuman","LINK_WEB_INSTANSI":"kepegkku@yahoo.co.id","HELPDESK_INSTANSI":"Contack Person :\r\nIndo Machdory HP :0896-9442-5742\r\n\r\nEmail : kepegkku@yahoo.co.id","MEDSOS_INSTANSI":"Facebook : Forum Komunikasi Bagian Aparatur dan Pengembangan Sumber Daya Manusia KKU\r\n\r\nWhatsapp : 0896-9442-5742"},{"CALL_CENTER_INSTANSI":"http:\/\/bkpsdm.kapuaskab.go.id","NAMA":"Pemerintah Kab. Kapuas","KODE":"6701","LINK_PENGUMUMAN_FORMASI":"http:\/\/bkpsdm.kapuaskab.go.id\/index.php\/42-pengumuman-penerimaan-cpns-kabupaten-kapuas-tahun-2018","LINK_WEB_INSTANSI":"Info@bkpsdm.kapuaskab.go.id","HELPDESK_INSTANSI":"Info@bkpsdm.kapuaskab.go.id","MEDSOS_INSTANSI":"www.facebook.com\/bkpsdmkapuas"},{"CALL_CENTER_INSTANSI":"Website: http:\/\/bkpsdm.baritoselatankab.go.id\r\nEmail: panselbkpsdmbarsel@gmail.com\r\nTelpon (WA): 0813-4547-7393 ","NAMA":"Pemerintah Kab. Barito Selatan","KODE":"6703","LINK_PENGUMUMAN_FORMASI":"http:\/\/bkpsdm.baritoselatankab.go.id\/rincian-penetapan-kebutuhan-pns-kab-barito-selatan-tahun-2018","LINK_WEB_INSTANSI":"panselbkpsdmbarsel@gmail.com","HELPDESK_INSTANSI":"Email: panselbkpsdmbarsel@gmail.com\r\nTelpon (WA): 0813-4547-7393 ","MEDSOS_INSTANSI":"https:\/\/www.facebook.com\/groups\/bkppbarsel\/"},{"CALL_CENTER_INSTANSI":"http:\/\/bkd.kotimkab.go.id","NAMA":"Pemerintah Kab. Kotawaringin Timur","KODE":"6704","LINK_PENGUMUMAN_FORMASI":"http:\/\/bkd.kotimkab.go.id","LINK_WEB_INSTANSI":"seleksicpns.bkdkotim@gmail.com, bkd@kotimkab.go.id","HELPDESK_INSTANSI":"http:\/\/bkd.kotimkab.go.id","MEDSOS_INSTANSI":null},{"CALL_CENTER_INSTANSI":"082150352088\r\n082357965376\r\nhttp:\/\/bkppd.gunungmaskab.go.id","NAMA":"Pemerintah Kab. Gunung Mas","KODE":"6707","LINK_PENGUMUMAN_FORMASI":"http:\/\/bkppd.gunungmaskab.go.id\/wp-content\/uploads\/2018\/09\/Pengumuman-Seleksi-CPNS-GunungMas-2018.pdf","LINK_WEB_INSTANSI":null,"HELPDESK_INSTANSI":"082150352088\r\n082357965376","MEDSOS_INSTANSI":null},{"CALL_CENTER_INSTANSI":"Layanan Informasi: \r\nHP 081240584128  \r\nWebsite : bkpsdm.murungrayakab.go.id    ","NAMA":"Pemerintah Kab. Murung Raya","KODE":"6710","LINK_PENGUMUMAN_FORMASI":"bkpsdm.murungrayakab.go.id ","LINK_WEB_INSTANSI":"seleksicpnsmura2018@gmail.com","HELPDESK_INSTANSI":"081240584128","MEDSOS_INSTANSI":"Facebook:  "},{"CALL_CENTER_INSTANSI":"(0526) 2091680","NAMA":"Pemerintah Kab. Barito Timur","KODE":"6713","LINK_PENGUMUMAN_FORMASI":"https:\/\/drive.google.com\/open?id=1_vfqSsc7D_sZS8LNnR1-i61DuNoy7eC6","LINK_WEB_INSTANSI":"bkd.baritotimur@gmail.com","HELPDESK_INSTANSI":"(0526) 2091680","MEDSOS_INSTANSI":"twitter @bkd_bartim"},{"CALL_CENTER_INSTANSI":"Media Call Center (0511)-6749641\r\nWebsite BKD http:\/\/bkd.kalselprov.go.id (Chat offline)","NAMA":"Pemerintah Provinsi Kalimantan Selatan","KODE":"6800","LINK_PENGUMUMAN_FORMASI":"http:\/\/bkd.kalselprov.go.id","LINK_WEB_INSTANSI":null,"HELPDESK_INSTANSI":"Media Call Center (0511)-6749641\r\nWebsite BKD http:\/\/bkd.kalselprov.go.id (Chat offline)","MEDSOS_INSTANSI":null},{"CALL_CENTER_INSTANSI":"http:\/\/bkpsdm.tanahlautkab.go.id\r\natau \r\nWA : 08115519000","NAMA":"Pemerintah Kab. Tanah Laut","KODE":"6802","LINK_PENGUMUMAN_FORMASI":"http:\/\/bkpsdm.tanahlautkab.go.id","LINK_WEB_INSTANSI":"cpnstala2018@gmail.com","HELPDESK_INSTANSI":"http:\/\/bkpsdm.tanahlautkab.go.id\/pengaduan\r\natau\r\nWA : 08115519000","MEDSOS_INSTANSI":"FB : BKPSDM Kabupaten Tanah Laut\r\natau\r\nIG : @bkpsdmkabupatentanahlaut"},{"CALL_CENTER_INSTANSI":"Telp. 0517-21145\r\nFax. 051722650\r\nweb. bkddiklat.hulusungaiselatankab.go.id\r\nemail. bkddiklat@hulusungaiselatankab.go.id\r\nfb. https:\/\/www.facebook.com\/bkddiklat.kabhss","NAMA":"Pemerintah Kab. Hulu Sungai Selatan","KODE":"6804","LINK_PENGUMUMAN_FORMASI":"bkddiklat.hulusungaiselatankab.go.id","LINK_WEB_INSTANSI":"bkddiklat@hulusungaiselatankab.go.id","HELPDESK_INSTANSI":"Telp. 0517-21145\r\nFax. 051722650\r\nweb. bkddiklat.hulusungaiselatankab.go.id\r\nemail. bkddiklat@hulusungaiselatankab.go.id\r\nfb. https:\/\/www.facebook.com\/bkddiklat.kabhss","MEDSOS_INSTANSI":"https:\/\/www.facebook.com\/bkddiklat.kabhss"},{"CALL_CENTER_INSTANSI":"https:\/\/bkpp.tabalongkab.go.id","NAMA":"Pemerintah Kab. Tabalong","KODE":"6807","LINK_PENGUMUMAN_FORMASI":"https:\/\/bkpp.tabalongkab.go.id","LINK_WEB_INSTANSI":"bkpp@tabalongkab.go.id","HELPDESK_INSTANSI":"bkpp@tabalongkab.go.id","MEDSOS_INSTANSI":"IG : BKPP_TABALONG"},{"CALL_CENTER_INSTANSI":"Call Center : (0518) 20001 - Fax (0518) 22578","NAMA":"Pemerintah Kab. Kotabaru","KODE":"6808","LINK_PENGUMUMAN_FORMASI":"http:\/\/bkppd-kotabarukab.info\/","LINK_WEB_INSTANSI":null,"HELPDESK_INSTANSI":null,"MEDSOS_INSTANSI":"FACEBOOK : https:\/\/www.facebook.com\/BKPPDKabupatenKotabaru"},{"CALL_CENTER_INSTANSI":"http:\/\/bkpp.banjarbarukota.go.id\r\n(0511)4772495","NAMA":"Pemerintah Kota Banjarbaru","KODE":"6872","LINK_PENGUMUMAN_FORMASI":"http:\/\/bkpp.banjarbarukota.go.id","LINK_WEB_INSTANSI":"layanan@bkpp.banjarbarukota.go.id","HELPDESK_INSTANSI":"http:\/\/bkpp.banjarbarukota.go.id\r\n(0511)4772495","MEDSOS_INSTANSI":null},{"CALL_CENTER_INSTANSI":"Call Center : 082120458454\r\nwebsite : http:\/\/sscn.bkn.go.id dan https:\/\/www.beraukab.go.id\/","NAMA":"Pemerintah Kab. Berau","KODE":"6904","LINK_PENGUMUMAN_FORMASI":"https:\/\/www.beraukab.go.id\/","LINK_WEB_INSTANSI":"berau.cpns2018@gmail.com","HELPDESK_INSTANSI":"Call Center : 082120458454\r\nwebsite : http:\/\/sscn.bkn.go.id dan https:\/\/www.beraukab.go.id\/","MEDSOS_INSTANSI":"https:\/\/www.facebook.com\/formasi.berau"},{"CALL_CENTER_INSTANSI":"WA  \/ SMS : 0821 5883 0477 ( No Call )\r\nwww.kutaibaratkab.go.id","NAMA":"Pemerintah Kab. Kutai Barat","KODE":"6907","LINK_PENGUMUMAN_FORMASI":"www.kutaibaratkab.go.id atau https:\/\/sscn.bkn.go.id https:\/\/drive.google.com\/file\/d\/1kdq_c9lp25meR3ns_siS-sRUQ9ZFesM2\/view?usp=sharing","LINK_WEB_INSTANSI":"bkdkutaibarat@gmail.com","HELPDESK_INSTANSI":"WA  \/ SMS : 0821 5883 0477 ( No Call )\r\nwww.kutaibaratkab.go.id","MEDSOS_INSTANSI":null},{"CALL_CENTER_INSTANSI":"085248000133","NAMA":"Pemerintah Kab. Kutai Timur","KODE":"6908","LINK_PENGUMUMAN_FORMASI":"bkppkutim001.blogspot.com","LINK_WEB_INSTANSI":null,"HELPDESK_INSTANSI":null,"MEDSOS_INSTANSI":"FB : @BKPPkutaitimur\r\nIG : @bkppkutaitimur\r\n"},{"CALL_CENTER_INSTANSI":"(0542)7201282 ; http:\/\/bkd.penajamkab.go.id","NAMA":"Pemerintah Kab. Penajam Paser Utara","KODE":"6910","LINK_PENGUMUMAN_FORMASI":"http:\/\/bkd.penajamkab.go.id","LINK_WEB_INSTANSI":"info@bkd.penajamkab.go.id; infobkdpenajam@gmail.com","HELPDESK_INSTANSI":"(0542)7201282 ; http:\/\/bkd.penajamkab.go.id","MEDSOS_INSTANSI":null},{"CALL_CENTER_INSTANSI":"http:\/\/bkppd.samarindakota.go.id\r\ntelpon 0541-737060 ext 109\r\n","NAMA":"Pemerintah Kota Samarinda","KODE":"6971","LINK_PENGUMUMAN_FORMASI":"http:\/\/bkppd.samarindakota.go.id\/new\/","LINK_WEB_INSTANSI":null,"HELPDESK_INSTANSI":"telpon 0541-737060 ext 109","MEDSOS_INSTANSI":null},{"CALL_CENTER_INSTANSI":"085397061101 (DODI)","NAMA":"Pemerintah Kab. Minahasa Selatan","KODE":"7004","LINK_PENGUMUMAN_FORMASI":"https:\/\/www.facebook.com\/cpns2018minsel","LINK_WEB_INSTANSI":"cpns2018.minsel@gmail.com","HELPDESK_INSTANSI":null,"MEDSOS_INSTANSI":"https:\/\/www.facebook.com\/cpns2018minsel"},{"CALL_CENTER_INSTANSI":null,"NAMA":"Pemerintah Kab. Siau Tagulandang Biaro","KODE":"7008","LINK_PENGUMUMAN_FORMASI":"https:\/\/www.facebook.com\/bkpsdmsitaro\/","LINK_WEB_INSTANSI":"bkdd7008@gmail.com","HELPDESK_INSTANSI":null,"MEDSOS_INSTANSI":"@bkpsdmsitaro (FB)"},{"CALL_CENTER_INSTANSI":"043821456","NAMA":"Pemerintah Kota Bitung","KODE":"7072","LINK_PENGUMUMAN_FORMASI":"http:\/\/tiny.cc\/cpnsbitung","LINK_WEB_INSTANSI":"bkppdbitung@gmail.com","HELPDESK_INSTANSI":"043821456","MEDSOS_INSTANSI":"https:\/\/twitter.com\/BkppdK"},{"CALL_CENTER_INSTANSI":"http:\/\/bkd.gorontalokab.go.id","NAMA":"Pemerintah Kab. Gorontalo","KODE":"7101","LINK_PENGUMUMAN_FORMASI":"http:\/\/bkd.gorontalokab.go.id","LINK_WEB_INSTANSI":"cpns2018.bkdkabgtlo@gmail.com","HELPDESK_INSTANSI":"081244418017 (WhatsApp Only)\r\n085240416170 (WhatsApp Only)\r\nHanya saat Jam Kerja","MEDSOS_INSTANSI":"web.facebook.com\/sscn2018kabgorontalo"},{"CALL_CENTER_INSTANSI":"http:\/\/bkddiklatboalemo.web.id\/FrontendBerita","NAMA":"Pemerintah Kab. Boalemo","KODE":"7102","LINK_PENGUMUMAN_FORMASI":"http:\/\/bkddiklatboalemo.web.id\/FrontendBerita","LINK_WEB_INSTANSI":"bkdboalemokab@gmail.com","HELPDESK_INSTANSI":"http:\/\/bkddiklatboalemo.web.id\/FrontendBerita","MEDSOS_INSTANSI":null},{"CALL_CENTER_INSTANSI":"Helpdesk : +62811439583 dan +6285256505505 (WA Only)\r\nhttp:\/\/bkppd.bonebolangokab.go.id\/web","NAMA":"Pemerintah Kab. Bone Bolango","KODE":"7104","LINK_PENGUMUMAN_FORMASI":"http:\/\/bkppd.bonebolangokab.go.id\/web\/download\/file\/Pengumuman_CPNS_2018_Kab_Bone_Bolango.pdf","LINK_WEB_INSTANSI":"cpnsbonebol2018@gmail.com","HELPDESK_INSTANSI":"Helpdesk : +62811439583 dan +6285256505505 (WA Only)\r\nhttp:\/\/bkppd.bonebolangokab.go.id\/web","MEDSOS_INSTANSI":"Facebook : https:\/\/www.facebook.com\/groups\/bkppd.bb\r\nInstagram : https:\/\/www.instagram.com\/bkppd_bonebol\/\r\n"},{"CALL_CENTER_INSTANSI":null,"NAMA":"Pemerintah Kab. Poso","KODE":"7201","LINK_PENGUMUMAN_FORMASI":"http:\/\/bit.ly\/2xjxVeH","LINK_WEB_INSTANSI":"bkd.poso@gmail.com","HELPDESK_INSTANSI":null,"MEDSOS_INSTANSI":"fanspage BKD poso (halaman facebook)\r\nNomor :  081341123853 (hanya menerima WhastApp dan SMS)"},{"CALL_CENTER_INSTANSI":"http:\/\/www:bkpsdm.tolitolikab.go.id","NAMA":"Pemerintah Kab. Tolitoli","KODE":"7203","LINK_PENGUMUMAN_FORMASI":"http:\/\/www:bkpsdm.tolitolikab.go.id","LINK_WEB_INSTANSI":"http:\/\/www:bkpsdm.tolitolikab.go.id","HELPDESK_INSTANSI":"http:\/\/www:bkpsdm.tolitolikab.go.id","MEDSOS_INSTANSI":null},{"CALL_CENTER_INSTANSI":"www.bkpsdm.buolkab.go.id","NAMA":"Pemerintah Kab. Buol","KODE":"7205","LINK_PENGUMUMAN_FORMASI":"http:\/\/bkpsdm.buolkab.go.id\/pengumuman\/","LINK_WEB_INSTANSI":"bkpsdm@buolkab.go.id","HELPDESK_INSTANSI":"www.bkpsdm.buolkab.go.id","MEDSOS_INSTANSI":"FB PENERIMAAN CPNS BUOL 2018\r\nLink : https:\/\/web.facebook.com\/groups\/427392284454502"},{"CALL_CENTER_INSTANSI":"Telp. 0462 - 2222201\r\nFacebook Page : @bkpsdmbangkep\r\n","NAMA":"Pemerintah Kab. Banggai Kepulauan","KODE":"7207","LINK_PENGUMUMAN_FORMASI":"http:\/\/tiny.cc\/CPNS_Banggai_Kepulauan","LINK_WEB_INSTANSI":"bkdbangkep@gmail.com","HELPDESK_INSTANSI":"Telp. 0462 - 2222201","MEDSOS_INSTANSI":"Facebook Page : @bkpsdmbangkep"},{"CALL_CENTER_INSTANSI":null,"NAMA":"Pemerintah Kab. Tojo Una Una","KODE":"7209","LINK_PENGUMUMAN_FORMASI":"https:\/\/drive.google.com\/file\/d\/1MHqSht6voFO7ht3MfiXwrTJ67ulb0x_t\/view?usp=sharing","LINK_WEB_INSTANSI":null,"HELPDESK_INSTANSI":null,"MEDSOS_INSTANSI":null},{"CALL_CENTER_INSTANSI":"(0462)21201\r\nhttp:\/\/banggailautkab.go.id","NAMA":"Pemerintah Kab. Banggai Laut","KODE":"7211","LINK_PENGUMUMAN_FORMASI":"http:\/\/banggailautkab.go.id","LINK_WEB_INSTANSI":"bkpsdmd.balut@gmail.com","HELPDESK_INSTANSI":"(0462)21201\r\nhttp:\/\/banggailautkab.go.id","MEDSOS_INSTANSI":"facebook page : @bkpsdmdbanggailaut"},{"CALL_CENTER_INSTANSI":"http:\/\/bkd.palukota.go.id\/","NAMA":"Pemerintah Kota Palu","KODE":"7271","LINK_PENGUMUMAN_FORMASI":"http:\/\/tiny.cc\/7nnsyy","LINK_WEB_INSTANSI":"panselnyapalu@gmail.com","HELPDESK_INSTANSI":"http:\/\/bkd.palukota.go.id\/","MEDSOS_INSTANSI":null},{"CALL_CENTER_INSTANSI":"0421 923793","NAMA":"Pemerintah Kab. Pinrang","KODE":"7301","LINK_PENGUMUMAN_FORMASI":"https:\/\/bit.ly\/2NoJtHG","LINK_WEB_INSTANSI":null,"HELPDESK_INSTANSI":"0421 923793","MEDSOS_INSTANSI":null},{"CALL_CENTER_INSTANSI":"www.bkpsdm.bone.go.id","NAMA":"Pemerintah Kab. Bone","KODE":"7305","LINK_PENGUMUMAN_FORMASI":"www.bkpsdm.bone.go.id","LINK_WEB_INSTANSI":"www.bkpsdm.bone.go.id","HELPDESK_INSTANSI":"www.bkpsdm.bone.go.id","MEDSOS_INSTANSI":"FAN PAGE BKPSDM BONE"},{"CALL_CENTER_INSTANSI":"Nomor HP. 081 354 587980\r\nNomor HP. 081 343 905 492","NAMA":"Pemerintah Kab. Tana Toraja","KODE":"7306","LINK_PENGUMUMAN_FORMASI":"www.tanatorajakab.go.id","LINK_WEB_INSTANSI":"bkpsdm.tanatoraja@gmail.com","HELPDESK_INSTANSI":"Nomor HP. 081 354 587980\r\nNomor HP. 081 343 905 492","MEDSOS_INSTANSI":null},{"CALL_CENTER_INSTANSI":"https:\/\/maroskab.go.id","NAMA":"Pemerintah Kab. Maros","KODE":"7307","LINK_PENGUMUMAN_FORMASI":"https:\/\/maroskab.go.id\/pengumuman.pdf","LINK_WEB_INSTANSI":"subidpengadaanbkppdmrs@gmail.com","HELPDESK_INSTANSI":"Call Centre: 0823 4981 0092\r\nEmail         : subidpengadaanbkppdmrs@gmail.com\r\n","MEDSOS_INSTANSI":"https:\/\/maroskab.go.id"},{"CALL_CENTER_INSTANSI":null,"NAMA":"Pemerintah Kab. Bantaeng","KODE":"7312","LINK_PENGUMUMAN_FORMASI":"http:\/\/bkpsdm.bantaengkab.go.id","LINK_WEB_INSTANSI":"bkdbantaeng@gmail.com","HELPDESK_INSTANSI":null,"MEDSOS_INSTANSI":null},{"CALL_CENTER_INSTANSI":"085343830186 SIRAJUDDIN\r\n081242321314 SYAIFUL\r\n085255182058 SRI ALRIAH\r\n\r\n","NAMA":"Pemerintah Kab. Jeneponto","KODE":"7313","LINK_PENGUMUMAN_FORMASI":"http:\/\/jenepontokab.go.id","LINK_WEB_INSTANSI":"bkpsdm.kabjeneponto@gmail.com","HELPDESK_INSTANSI":"085343830186 SIRAJUDDIN\r\n081242321314 SYAIFUL\r\n085255182058 SRI ALRIAH\r\n\r\n","MEDSOS_INSTANSI":"bkpsdmjeneponto"},{"CALL_CENTER_INSTANSI":"fb : Bkd Barru","NAMA":"Pemerintah Kab. Barru","KODE":"7316","LINK_PENGUMUMAN_FORMASI":"http:\/\/barrukab.go.id\/","LINK_WEB_INSTANSI":"bkd_barru@ymail.com","HELPDESK_INSTANSI":"fb : Bkd Barru","MEDSOS_INSTANSI":"fb : Bkd Barru"},{"CALL_CENTER_INSTANSI":"082323238464\r\n085399436359\r\n0484-21126","NAMA":"Pemerintah Kab. Soppeng","KODE":"7319","LINK_PENGUMUMAN_FORMASI":"http:\/\/bkpsdm.soppengkab.go.id","LINK_WEB_INSTANSI":"bkpsdmsoppeng@gmail.com","HELPDESK_INSTANSI":"082323238464\r\n085399436359\r\n0484-21126","MEDSOS_INSTANSI":null},{"CALL_CENTER_INSTANSI":"https:\/\/luwuutarakab.go.id\r\n","NAMA":"Pemerintah Kab. Luwu Utara","KODE":"7322","LINK_PENGUMUMAN_FORMASI":"https:\/\/luwuutarakab.go.id","LINK_WEB_INSTANSI":"bkpsdmluwuutara@gmail.com","HELPDESK_INSTANSI":"email : bkpsdmluwuutara@gmail.com","MEDSOS_INSTANSI":"facebook :Kabar Luwu Utara"},{"CALL_CENTER_INSTANSI":null,"NAMA":"Pemerintah Kab. Luwu Timur","KODE":"7325","LINK_PENGUMUMAN_FORMASI":"bkpsdm.luwutimurkab.go.id\/unduhan","LINK_WEB_INSTANSI":"bkpsdmlutim@yahoo.com","HELPDESK_INSTANSI":null,"MEDSOS_INSTANSI":null},{"CALL_CENTER_INSTANSI":null,"NAMA":"Pemerintah Kab. Toraja Utara","KODE":"7326","LINK_PENGUMUMAN_FORMASI":"www.torajautarakab.go.id\/","LINK_WEB_INSTANSI":null,"HELPDESK_INSTANSI":null,"MEDSOS_INSTANSI":"facebook: BKD Kab. Toraja Utara"},{"CALL_CENTER_INSTANSI":null,"NAMA":"Pemerintah Kota Makassar","KODE":"7371","LINK_PENGUMUMAN_FORMASI":"https:\/\/drive.google.com\/file\/d\/1ulIeNpbz12ELjaPdj2nG8H53w1sYMs6h\/view","LINK_WEB_INSTANSI":null,"HELPDESK_INSTANSI":null,"MEDSOS_INSTANSI":null},{"CALL_CENTER_INSTANSI":"Badan Kepegawaian Daerah Prov. Sulawesi Tenggara","NAMA":"Pemerintah Provinsi Sulawesi Tenggara","KODE":"7400","LINK_PENGUMUMAN_FORMASI":"www.simponi-asn.info","LINK_WEB_INSTANSI":null,"HELPDESK_INSTANSI":"082336111666","MEDSOS_INSTANSI":null},{"CALL_CENTER_INSTANSI":"www.konawekab.go.id\/cpns.html","NAMA":"Pemerintah Kab. Konawe","KODE":"7401","LINK_PENGUMUMAN_FORMASI":"www.konawekab.go.id\/pengumuman.html","LINK_WEB_INSTANSI":"bkddiklatkonawe.kab@gmail.com ","HELPDESK_INSTANSI":"www.konawekab.go.id\/faq.html","MEDSOS_INSTANSI":"www.twitter.com\/@bkddkonawe.kab\r\nwww.instagram.com\/@bkddkonawe.kab\r\nwww.m.facebook.com\/bkddkonawe.kab"},{"CALL_CENTER_INSTANSI":null,"NAMA":"Pemerintah Kab. Bombana","KODE":"7407","LINK_PENGUMUMAN_FORMASI":"http:\/\/bkpsdm.bombanakab.go.id\/wp-content\/uploads\/2018\/09\/PENGUMUMAN-FORMASI-KAB.-BOMBANA-TAHUN-2018.pdf","LINK_WEB_INSTANSI":"bkpsdm.bombana@gmail.com","HELPDESK_INSTANSI":null,"MEDSOS_INSTANSI":null},{"CALL_CENTER_INSTANSI":"HP : 0821-1386-1486\r\nTwitter : @BKPSDMButeng Via DM\r\nEmail : bkpsdmbuteng@gmail.com","NAMA":"Pemerintah Kab. Buton Tengah","KODE":"7415","LINK_PENGUMUMAN_FORMASI":"Twitter : @BKPSDMButeng","LINK_WEB_INSTANSI":"Email : bkpsdmbuteng@gmail.com","HELPDESK_INSTANSI":"HP : 0821-1386-1486\r\nTwitter : @BKPSDMButeng Via DM\r\nEmail : bkpsdmbuteng@gmail.com","MEDSOS_INSTANSI":"Twitter : @BKPSDMButeng Via DM\r\nEmail : bkpsdmbuteng@gmail.com"},{"CALL_CENTER_INSTANSI":"www.bkpsdm.baubaukota.go.id\r\nwww.baubaukota.go.id","NAMA":"Pemerintah Kota Baubau","KODE":"7472","LINK_PENGUMUMAN_FORMASI":"www.bkpsdm.baubaukota.go.id","LINK_WEB_INSTANSI":"bkpsdmbaubau@gmail.com","HELPDESK_INSTANSI":null,"MEDSOS_INSTANSI":"FB : Bkpsdm Baubau"},{"CALL_CENTER_INSTANSI":"www.bkpsdm.jembranakab.go.id","NAMA":"Pemerintah Kab. Jembrana","KODE":"7502","LINK_PENGUMUMAN_FORMASI":"www.bkpsdm.jembranakab.go.id","LINK_WEB_INSTANSI":"bkpsdm.kabjembrana@gmail.com","HELPDESK_INSTANSI":"www.bkpsdm.jembranakab.go.id","MEDSOS_INSTANSI":"https:\/\/twitter.com\/bkpsdmjembrana"},{"CALL_CENTER_INSTANSI":"082359341370 Bpk Ibrahim, S.Sos, M.AP\r\n087863743472 Ibu Rostiana, A.Md\r\n","NAMA":"Pemerintah Kab. Sumbawa","KODE":"7605","LINK_PENGUMUMAN_FORMASI":"bkpp.sumbawakab.go.id","LINK_WEB_INSTANSI":"bkdsumbawa01@gmail.com","HELPDESK_INSTANSI":"082359341370 Bpk Ibrahim, S.Sos, M.AP\r\n087863743472 Ibu Rostiana, A.Md","MEDSOS_INSTANSI":"bkpp.sumbawakab.go.id"},{"CALL_CENTER_INSTANSI":"www.bkdiklat.sumbawabaratkab.go.id\r\nwww.sumbawabaratkab.go.id","NAMA":"Pemerintah Kab. Sumbawa Barat","KODE":"7607","LINK_PENGUMUMAN_FORMASI":"bkdiklat.sumbawabaratkab.go.id","LINK_WEB_INSTANSI":"cpns.ksb2018@gmail.com","HELPDESK_INSTANSI":"085239664176 (Bpk. Hasanuddin), 085239570545 (Bpk. Suryo), 081339734237 (Bpk. Haeruddin), 085239579775 (Bpk. Nasruddin), 083129277179 (Bpk. Arkam), 085239881188 (Bpk. Aufa), 087863690333 (Bpk. Amri)","MEDSOS_INSTANSI":null},{"CALL_CENTER_INSTANSI":"http:\/\/www.bkpsdm.mataramkota.go.id\/\r\nTwitter : @cpnsmataram2018","NAMA":"Pemerintah Kota Mataram","KODE":"7671","LINK_PENGUMUMAN_FORMASI":"http:\/\/www.bkpsdm.mataramkota.go.id\/","LINK_WEB_INSTANSI":"cpnsmataram2018@gmail.com","HELPDESK_INSTANSI":"pengaduan.cpnsmataram2018@gmail.com","MEDSOS_INSTANSI":"Twitter : @cpnsmataram2018"},{"CALL_CENTER_INSTANSI":"www.bkd.nttprov.go.id","NAMA":"Pemerintah Provinsi NTT","KODE":"7700","LINK_PENGUMUMAN_FORMASI":"www.bkd.nttprov.go.id","LINK_WEB_INSTANSI":null,"HELPDESK_INSTANSI":"www.bkd.nttprov.go.id","MEDSOS_INSTANSI":"www.bkd.nttprov.go.id"},{"CALL_CENTER_INSTANSI":null,"NAMA":"Pemerintah Kab. Timor Tengah Selatan","KODE":"7704","LINK_PENGUMUMAN_FORMASI":"http:\/\/ttskab.go.id","LINK_WEB_INSTANSI":null,"HELPDESK_INSTANSI":null,"MEDSOS_INSTANSI":null},{"CALL_CENTER_INSTANSI":"https:\/\/www.facebook.com\/bkdiklatngk\r\nhttps:\/\/chat.whatsapp.com\/8Wb6CCQgvJX3m5hzy3npTU","NAMA":"Pemerintah Kab. Nagekeo","KODE":"7718","LINK_PENGUMUMAN_FORMASI":"https:\/\/www.facebook.com\/bkdiklatngk","LINK_WEB_INSTANSI":"bkdiklatngk@gmail.com","HELPDESK_INSTANSI":null,"MEDSOS_INSTANSI":"https:\/\/www.facebook.com\/bkdiklatngk\r\nhttps:\/\/chat.whatsapp.com\/8Wb6CCQgvJX3m5hzy3npTU"},{"CALL_CENTER_INSTANSI":"http:\/\/bkd.malukuprov.go.id\/","NAMA":"Pemerintah Provinsi Maluku","KODE":"7800","LINK_PENGUMUMAN_FORMASI":"http:\/\/bkd.malukuprov.go.id\/ atau http:\/\/malukuprov.go.id\/","LINK_WEB_INSTANSI":"bkd.promal@yahoo.co.id","HELPDESK_INSTANSI":"http:\/\/bkd.malukuprov.go.id\/","MEDSOS_INSTANSI":null},{"CALL_CENTER_INSTANSI":"WA\/Hp : 082190207517, 082187774533","NAMA":"Pemerintah Kab. Buru","KODE":"7803","LINK_PENGUMUMAN_FORMASI":"http:\/\/burukab.go.id","LINK_WEB_INSTANSI":"bkdburu@gmail.com","HELPDESK_INSTANSI":"WA\/Hp : 082187774533, 082190207517\r\n","MEDSOS_INSTANSI":null},{"CALL_CENTER_INSTANSI":"081354736165","NAMA":"Pemerintah Kab. Kepulauan Aru","KODE":"7805","LINK_PENGUMUMAN_FORMASI":"https:\/\/drive.google.com\/open?id=1MYZI5a973sGy52OqTqitPSHX1vGPH47c","LINK_WEB_INSTANSI":"bkpsdmaru@gmail.com","HELPDESK_INSTANSI":"081354736165","MEDSOS_INSTANSI":"https:\/\/www.facebook.com\/groups\/bkpsdmaru\/"},{"CALL_CENTER_INSTANSI":"reinhardbkd@gmail.com","NAMA":"Pemerintah Kab. Buru Selatan","KODE":"7808","LINK_PENGUMUMAN_FORMASI":"Bit.ly\/formasidanpersyaratancpns2018kabburuselatan","LINK_WEB_INSTANSI":"reinhardbkd@gmail.com","HELPDESK_INSTANSI":"reinhardbkd@gmail.com","MEDSOS_INSTANSI":"fb reinhard lesnussa"},{"CALL_CENTER_INSTANSI":"Call Center : 0821-9064-0080 [hanya menerima Telepon] pada hari Senin s.d Jumat\r\nHelpdesk Seleksi CPNS Tahun 2018, Ruang Kantor Badan Kepegawaian Daerah Provinsi Maluku Utara di Sofifi","NAMA":"Pemerintah Provinsi Maluku Utara","KODE":"7900","LINK_PENGUMUMAN_FORMASI":"http:\/\/bkd.malutprov.go.id\/pengumuman-cpns-2018\/","LINK_WEB_INSTANSI":"bkdmalut.prov@gmail.com","HELPDESK_INSTANSI":"Call Center : 0821-9064-0080 [hanya menerima Telepon] pada hari Senin s.d Jumat\r\n","MEDSOS_INSTANSI":"Facebook : Badan Kepegawaian Daerah Provinsi Maluku Utara"},{"CALL_CENTER_INSTANSI":"0821-9420-4181\r\n0853-9969-5678\r\n0821-9538-2950 \r\n0812-4488-5501","NAMA":"Pemerintah Kab. Halmahera Barat","KODE":"7901","LINK_PENGUMUMAN_FORMASI":"www.halbarkab.go.id","LINK_WEB_INSTANSI":"bkdkabhalbar@gmail.com","HELPDESK_INSTANSI":"0821-9420-4181\r\n0853-9969-5678\r\n0821-9538-2950 \r\n0812-4488-5501","MEDSOS_INSTANSI":"facebook (Grup Halmahera Barat)"},{"CALL_CENTER_INSTANSI":"www.kepulauansulakab.go.id\r\nAkun facebook : Pansel Cpns Sula\r\nnomor kontak : 081356641475 (Ical)\r\nnomor kontak : 081354533430 (Samsul)\r\nnomor kontak :  081340403449 (Aba)\r\n","NAMA":"Pemerintah Kab. Kepulauan Sula","KODE":"7903","LINK_PENGUMUMAN_FORMASI":"www.kepulauansulakab.go.id","LINK_WEB_INSTANSI":"pansel.cpns.sula@gmail","HELPDESK_INSTANSI":"email : pansel.cpns.sula@gmail\r\nAkun facebook : Pansel Cpns Sula\r\nnomor kontak : 081356641475 (Ical)\r\nnomor kontak : 081354533430 (Samsul)\r\nnomor kontak :  081340403449 (Aba)","MEDSOS_INSTANSI":"facebook : Pansel Cpns Sula"},{"CALL_CENTER_INSTANSI":"081342450086 Pak Opan\r\n085394920411 Pak Jufri","NAMA":"Pemerintah Kab. Halmahera Timur","KODE":"7906","LINK_PENGUMUMAN_FORMASI":"https:\/\/sscn.bkn.go.id","LINK_WEB_INSTANSI":"bkpsdahaltim@gmail.com","HELPDESK_INSTANSI":"bkpsdahaltim@gmail.com","MEDSOS_INSTANSI":"bkpsdahaltim@gmail.com"},{"CALL_CENTER_INSTANSI":null,"NAMA":"Pemerintah Kab. Pulau Morotai","KODE":"7907","LINK_PENGUMUMAN_FORMASI":"http:\/\/pulaumorotaikab.go.id","LINK_WEB_INSTANSI":"bkd.pulaumorotaikab@gmail.com","HELPDESK_INSTANSI":null,"MEDSOS_INSTANSI":null},{"CALL_CENTER_INSTANSI":"http:\/\/bkpsdm.ternatekota.go.id\r\nno telp : +6282122902474","NAMA":"Pemerintah Kota Ternate","KODE":"7971","LINK_PENGUMUMAN_FORMASI":"http:\/\/www.bkpsdm.ternatekota.go.id\/wp-content\/uploads\/2018\/09\/Persyaratan-CPNS-2018-Ternate.pdf","LINK_WEB_INSTANSI":"info@bkpsdm.ternatekota.go.id","HELPDESK_INSTANSI":"http:\/\/bkpsdm.ternatekota.go.id\r\nno telp : +6282122902474","MEDSOS_INSTANSI":"fb : https:\/\/www.facebook.com\/bkpsdmkotaternate\/\r\n"},{"CALL_CENTER_INSTANSI":"http:\/\/bkpsdm.kepriprov.go.id","NAMA":"Pemerintah Provinsi Kepulauan Riau","KODE":"8100","LINK_PENGUMUMAN_FORMASI":"http:\/\/bkpsdm.kepriprov.go.id\/web\/images\/Bidang_Pengadaan\/2018\/Pengumuman-Seleksi-CPNS-Prov-KEPRI-2018.pdf","LINK_WEB_INSTANSI":"cpnskepri2018@gmail.com","HELPDESK_INSTANSI":"No Telp : 0822 8554 5430\r\n(hanya menerima WhatsApp dan SMS)","MEDSOS_INSTANSI":null},{"CALL_CENTER_INSTANSI":null,"NAMA":"Pemerintah Kab. Karimun","KODE":"8102","LINK_PENGUMUMAN_FORMASI":"https:\/\/tinyurl.com\/PengumumanCPNSKabKarimun","LINK_WEB_INSTANSI":null,"HELPDESK_INSTANSI":null,"MEDSOS_INSTANSI":null},{"CALL_CENTER_INSTANSI":null,"NAMA":"Pemerintah Kota Tanjungpinang","KODE":"8172","LINK_PENGUMUMAN_FORMASI":"tanjungpinangkota.go.id\/data-download\/cpns_2018_tanjungpinang.pdf","LINK_WEB_INSTANSI":null,"HELPDESK_INSTANSI":null,"MEDSOS_INSTANSI":null},{"CALL_CENTER_INSTANSI":"085298881753","NAMA":"Pemerintah Kab. Mamuju","KODE":"8302","LINK_PENGUMUMAN_FORMASI":"http:\/\/mamujukab.go.id","LINK_WEB_INSTANSI":"bkd.mamuju@gmail.com","HELPDESK_INSTANSI":"085298881753","MEDSOS_INSTANSI":"https:\/\/www.facebook.com\/bkppmamuju"}]}