<themes>
	<theme>
		<datenew>05/05/2018</datenew>
		<id>3</id>
		<name>DELIGHT</name>
		<date>12/07/2019</date>
		<image_conversation>http://www.gbmods.co/wp-content/uploads/ThemesApp/ASK-Reality_Dragon_GB_chat.png</image_conversation>
		<image_chats>https://raw.githubusercontent.com/DeltalabsStudio/api/master/gb/delight/home.jpg</image_chats>
		<xml_theme_dl>https://raw.githubusercontent.com/DeltalabsStudio/api/master/gb/delight/delight.xml</xml_theme_dl>
		<wp_theme_dl>http://www.gbmods.co/wp-content/uploads/ThemesApp/ASK-Reality_Dragon_GB_wallpaper.jpg</wp_theme_dl>
	</theme>
	<theme>
		<datenew>05/05/2018</datenew>
		<id>3</id>
		<name>ASK-Reality_Grey2_GB</name>
		<date>05/05/2018</date>
		<image_conversation>http://www.gbmods.co/wp-content/uploads/ThemesApp/ASK-Reality_Grey2_GB_chat.png</image_conversation>
		<image_chats>http://www.gbmods.co/wp-content/uploads/ThemesApp/ASK-Reality_Grey2_GB_chats.png</image_chats>
		<xml_theme_dl>http://www.gbmods.co/wp-content/uploads/ThemesApp/ASK-Reality_Grey2_GB.xml</xml_theme_dl>
		<wp_theme_dl>http://www.gbmods.co/wp-content/uploads/ThemesApp/ASK-Reality_Grey2_GB_wallpaper.jpg</wp_theme_dl>
	</theme>
</themes>
