{
	"wisataalam": [
		{
			"judul": "Wanayasa",
			"img": "http://www.purwakartakab.go.id/uploads/article/image/82/large_situ_wayanasa.jpg",
			"deskripsi": "Wanayasa adalah sebuah kecamatan di Purwakarta yang memiliki potensi keindahan alam yang sangat besar bahkan sebagian besar situs pariwisata yang ada Purwakarta terdapat di Wanayasa. Kecamatan Wanayasa terletak 23 kilometer arah utara dari pusat kota Purwakata namun karena baiknya infrastruktur jalan jarak 23 kilometer tersebut dapat ditempuh dalam waktu 45 menit saja."	
		},
		{
			"judul": "Waduk Jatiluhur",
			"img": "http://www.purwakartakab.go.id/uploads/ckeditor/pictures/9/content_Screen_Shot_2016-06-03_at_8.26.56_PM.png",
			"deskripsi": "Mempelajari kebudayaan Sunda selagi berlibur tentu suatu hal yang jarang kita bisa dapatkan. Kampung Tajur, Purwakarta telah menawarkan hal ini. Di kampung Tajur ini anda dapat mempelajari kebudayaan Sunda sekaligus berlibur menikmati keindahan alam kota Purwakarta. Kampung ini menawarkan homestay bagi anda yang ini merasakan sensai belajar kebudayaan Sunda dengan menjalani rutinitas-rutinitas penduduk kampung tersebut."
		},
		{
			"judul": "Sungai Cidomas",
			"img": "http://www.purwakartakab.go.id/uploads/ckeditor/pictures/8/content_Screen_Shot_2016-06-03_at_7.35.18_PM.png",
			"deskripsi": "Sungai jeram dengan aliran deras di Kampung Garokgek Desa Parakan Garokgek, Kecamatan Kiarapedes telah menjadi wana wisata desa warga dan pengunjung lokal."	
		}
	]
}