{
	"wisatabudaya": [
		{
			"judul": "Bale Panyawangan Diorama",
			"img": "http://www.purwakartakab.go.id/uploads/article/image/120/large_diorama.jpg",
			"deskripsi": "Kata siapa mengunjungi museum membosankan? Di Purwakarta mengunjungi museum bisa menjadi pengalaman menyenangkan namun tanpa melupakan sisi edukatif dari sebuah museum. Bale Panyawangan Diorama atau Museum Diorama menawarkan pengalaman museum yang interaktif karena museum ini dilengkapi dengan segudang aktifitas seru yang sudah terdigitalisasi. Sebagian besar naskah sejarah yang ada di Museum Diorama sudah dalam bentuk digital sehingga memudahkan pengunjung untuk dapat memahami bentang sejarah Indonesia dan Purwakarta sekaligus lebih menyenangkan bagi anak-anak. Selain itu juga terdapat bermacam-macam aktifitas menyenangka seperti bersepeda onthel secara digital melintasi kota Purwakarta dan Bioskop mini yang digunakan untuk menonton film tentang sejarah purwakarta."	
		},
		{
			"judul": "Kampung Tajur",
			"img": "http://www.purwakartakab.go.id/uploads/article/image/63/large_Kampung_Tajur_Purwakarta.jpg",
			"deskripsi": "Mempelajari kebudayaan Sunda selagi berlibur tentu suatu hal yang jarang kita bisa dapatkan. Kampung Tajur, Purwakarta telah menawarkan hal ini. Di kampung Tajur ini anda dapat mempelajari kebudayaan Sunda sekaligus berlibur menikmati keindahan alam kota Purwakarta. Kampung ini menawarkan homestay bagi anda yang ini merasakan sensai belajar kebudayaan Sunda dengan menjalani rutinitas-rutinitas penduduk kampung tersebut."
		}
	]
}