{
	"page": "4",
	"total": "end",
	"post": [
		{
			"avatar": "http://bit.ly/RIDWANPP",
			"judul": "NARUTO",
			"changelog": "Update Base v3.3.0.16",
			"fitur": "Full Display Picture (DP No Crop)\nFlexible Rounded DP\nHide Inbox Notification\nAutotext aka Bom PING\nSave Timed Message Picture\nTab Layout Position\nBlock Read Status\nHide Fab New Chat\nNo Ads",
			"base": "v3.3.0.16",
			"modder": "Ridwan Arifin",
			"clone": "null",
			"unclone": "https://drive.google.com/uc?export=download&id=0B-TmdSdOG0h6bjU5RnF2cnZLRk0",
			"img": "https://1.bp.blogspot.com/-Zncc3Nx7XHE/WLmI1qaMpFI/AAAAAAAABj8/RrCr3xXjlYAETeS0k-ZCbta1yDimVL1bwCEw/s640/NARUTO.jpg"
		},
		{
			"avatar": "http://bit.ly/RIDWANPP",
			"judul": "MIKU",
			"changelog": "Update Base v3.3.0.16",
			"fitur": "Full Display Picture (DP No Crop)\nFlexible Rounded DP\nHide Inbox Notification\nAutotext aka Bom PING\nSave Timed Message Picture\nTab Layout Position\nBlock Read Status\nHide Fab New Chat\nNo Ads",
			"base": "v3.3.0.16",
			"modder": "Ridwan Arifin",
			"clone": "null",
			"unclone": "https://drive.google.com/uc?export=download&id=0B-TmdSdOG0h6OVIyMW03d1dGd28",
			"img": "https://4.bp.blogspot.com/-MgEwkMS2-IQ/WLmI10dmQPI/AAAAAAAABkA/PnaP40t4EaEVZ7CrIrxB96Tv2uAuplRYQCEw/s640/HATSUNE.jpg"
		},
		{
			"avatar": "http://bit.ly/RIDWANPP",
			"judul": "FLOWER",
			"changelog": "Update Base v3.3.0.16",
			"fitur": "Full Display Picture (DP No Crop)\nFlexible Rounded DP\nHide Inbox Notification\nAutotext aka Bom PING\nSave Timed Message Picture\nTab Layout Position\nBlock Read Status\nHide Fab New Chat\nNo Ads",
			"base": "v3.3.0.16",
			"modder": "Ridwan Arifin",
			"clone": "null",
			"unclone": "https://drive.google.com/uc?export=download&id=0B2rArut_h_doMllKb2JPLU5sYTQ",
			"img": "https://3.bp.blogspot.com/-EOPTgDhYkZ4/WLmDqOgK2pI/AAAAAAAABjc/o83ForjzlSY2be5srA1TMWLoc1mTDW7IgCLcB/s640/FLOWER.jpg"
		},
		{
			"avatar": "http://bit.ly/RIDWANPP",
			"judul": "PARIS",
			"changelog": "Update Base v3.3.0.16",
			"fitur": "Full Display Picture (DP No Crop)\nFlexible Rounded DP\nHide Inbox Notification\nAutotext aka Bom PING\nSave Timed Message Picture\nTab Layout Position\nBlock Read Status\nHide Fab New Chat\nNo Ads",
			"base": "v3.3.0.16",
			"modder": "Ridwan Arifin",
			"clone": "null",
			"unclone": "https://drive.google.com/uc?export=download&id=0B2rArut_h_doa1BlWDkyajhRSDA",
			"img": "https://2.bp.blogspot.com/-H5h9hman67o/WLmCSERBO8I/AAAAAAAABjU/pHAH_KH1AlIYCbl2Lr5AagrdtuHIP1bpgCLcB/s640/PARIS.jpg"
		},
		{
			"avatar": "http://bit.ly/AAHPP",
			"judul": "BASE BETA MOD",
			"changelog": "Full Display Picture (DP No Crop)\nAutotext aka Bom PING\nTab Layout Position\nBlock Read Status\nHide Fab New Chat\nNo Ads",
			"fitur": "Full Display Picture (DP No Crop)\nAutotext aka Bom PING\nTab Layout Position\nBlock Read Status\nHide Fab New Chat\nNo Ads",
			"base": "v300.3.1.38",
			"modder": "Andi Abdi Hadi",
			"clone": "http://www5.zippyshare.com/d/MYo0Fx89/566883/BBM%20BETA%20BASE%20MOD%20VERSI%20300.3.1.38%20CLONE.apk",
			"unclone": "http://www5.zippyshare.com/d/wGboFWfw/359754/BBM%20BETA%20BASE%20MOD%20VERSION%20300.3.1.38.apk",
			"img": "https://4.bp.blogspot.com/-x3YewPZuyGI/WLl95htLt2I/AAAAAAAABjA/IrHBy4hoOeUcdTrHfLdMwd9K5wX_x4JCwCLcB/s640/BASE%2BBETA.jpg"
		},
		{
			"avatar": "http://bit.ly/RIDWANPP",
			"judul": "WRITING PAPER",
			"changelog": "Update Base v3.3.0.16",
			"fitur": "Full Display Picture (DP No Crop)\nFlexible Rounded DP\nHide Inbox Notification\nAutotext aka Bom PING\nSave Timed Message Picture\nTab Layout Position\nBlock Read Status\nHide Fab New Chat\nNo Ads",
			"base": "v3.3.0.16",
			"modder": "Ridwan Arifin",
			"clone": "null",
			"unclone": "https://drive.google.com/uc?export=download&id=0B2rArut_h_dobVVELWdoUVY3Zzg",
			"img": "https://3.bp.blogspot.com/-N9XXUAAgV7o/WLp6AaVOHlI/AAAAAAAABls/u_HkWuSj1HYGEeOAFkFwa-i4cqpxt17jgCLcB/s320/PAPER.jpg"
		},
		{
			"avatar": "http://bit.ly/2lzYF1D",
			"judul": "HK-AAR V.3.0.1",
			"changelog": "Fix Layout Bug and Performance\nAdd Cover Anim on Profile\nLock Mode with Password\nAdd Change Language",
			"fitur": "Full Display Picture (DP No Crop)\nFlexible Rounded DP\nHide Inbox Notification\nAutotext aka Bom PING\nSave Timed Message Picture\nTab Layout Position\nBlock Read Status\nHide Fab New Chat\nNo Ads",
			"base": "v3.2.5.12",
			"modder": "Dhyka Anggara",
			"clone": "null",
			"unclone": "https://drive.google.com/uc?export=download&id=0BxoArqYM0dzhZU92Mmp3MGRTUTQ",
			"img": "https://1.bp.blogspot.com/-Pt-cD4eZNAA/WLp6AdYuZOI/AAAAAAAABlo/PXjJ9QRobtgoETvzyFLZjOmFFEPaYuE1gCLcB/s320/AAR.jpg"
		},
		{
			"avatar": "http://bit.ly/AZHARR",
			"judul": "MI-BROWN",
			"changelog": "New Interface Menu (Add New)\nPrivate Mode (Add New)\nLock Mode with Auto Lock\nInput Message Following Bubble Chat(Add New)",
			"fitur": "Full Display Picture (DP No Crop)\nFlexible Rounded DP\nHide Inbox Notification\nAutotext aka Bom PING\nSave Timed Message Picture\nTab Layout Position\nBlock Read Status\nHide Fab New Chat\nNo Ads",
			"base": "v3.3.0.16",
			"modder": "Azhar Rivaldi",
			"clone": "null",
			"unclone": "https://drive.google.com/uc?export=download&id=0B9gWXjy6JYVoVE5nUEs2SWRXQVk",
			"img": "https://1.bp.blogspot.com/-39OWeclXCpA/WKvK8NXd5zI/AAAAAAAAAXU/WAgqlxwSLCEMB3Z9-IO0uZnvIl8nQcd6gCLcB/s1600/HiShoot_20170221_115804.png"
		},
		{	
			"avatar": "http://bit.ly/RIKRIR",	
			"judul": "BETA CONNECTED v300.3.1.38",
			"changelog": "Tampilan baru BBM semua terpusat di Feed BBM nya.",
			"fitur": "Original",
			"base": "v300.3.1.38",
			"modder": "Rikri Rikardo",
			"clone": "https://goo.gl/bWMHzJ",
			"unclone": "https://goo.gl/KVHFbQ",
			"img": "https://4.bp.blogspot.com/-onUhph-qngc/WLqxcw-jteI/AAAAAAAAAEw/YW-lajfyMM0L97kBp8cgwfuDIN9SDzfkgCLcB/s1600/BETA.jpg"
		},	
		{	
			"avatar": "http://bit.ly/BAYUPP",	
			"judul": "B-IOS",
			"changelog": "Update Base v3.3.0.16",
			"fitur": "Show/hide FBUI\nFull Display Picture (DP No Crop)\nFlexible Rounded DP\nHide Inbox Notification\nAutotext aka Bom PING\nSave Timed Message Picture\nTab Layout Position\nBlock Read Status\nHide Fab New Chat\nNo Ads",
			"base": "v3.3.0.16",
			"modder": "Bayu Parwata",
			"clone": "null",
			"unclone": "https://drive.google.com/uc?export=download&id=0B-TmdSdOG0h6YWhkVjRqaWR6T3c",
			"img": "https://4.bp.blogspot.com/-HVwISSkZhmY/WLp8aFQttOI/AAAAAAAABmE/W6hNtxEaZPIqsfuz9yx5w6kOCUdBAzsuwCLcB/s320/B-IOS.jpg"
		},
		{	
			"avatar": "http://bit.ly/FATHONI",	
			"judul": "MILANISTI",
			"changelog": "Update Base v3.3.0.16",
			"fitur": "Full Display Picture (DP No Crop)\nFlexible Rounded DP\nHide Inbox Notification\nAutotext aka Bom PING\nSave Timed Message Picture\nTab Layout Position\nBlock Read Status\nHide Fab New Chat\nNo Ads",
			"base": "v3.3.0.16",
			"modder": "Moh N Fathoni",
			"clone": "null",
			"unclone": "https://drive.google.com/uc?export=download&id=0B5OQQfHFhx4UYmJZVW9CdFFtbW8",
			"img": "https://4.bp.blogspot.com/-5lPbhf_f1qE/WLZ1n3d99AI/AAAAAAAABig/lBzxIOiubf0TriP1CNIO6-22vSxwatmUACLcB/s640/MILAN.jpg"
		},
		{	
			"avatar": "http://bit.ly/ABIEMPP",
			"judul": "JUVE - PJACA",
			"changelog": "Update Base v3.3.0.16",
			"fitur": "Full Display Picture (DP No Crop)\nFlexible Rounded DP\nHide Inbox Notification\nAutotext aka Bom PING\nSave Timed Message Picture\nTab Layout Position\nBlock Read Status\nHide Fab New Chat\nNo Ads",
			"base": "v3.3.0.16",
			"modder": "Abiem Prasetya",
			"clone": "null",
			"unclone": "https://drive.google.com/uc?export=download&id=0BwcYlng030ANS05rWkJDeHNvZ3c",
			"img": "https://4.bp.blogspot.com/-Y-MhGkioXFE/WLZWr_H4e-I/AAAAAAAABh4/-FQ0H9ckkZ0kwdEV6NgTYicaeisy6jAFwCLcB/s640/PJACA.jpg"
		},
		{	
			"avatar": "http://bit.ly/ABIEMPP",
			"judul": "JUVE - BUFFON",
			"changelog": "Update Base v3.3.0.16",
			"fitur": "Full Display Picture (DP No Crop)\nFlexible Rounded DP\nHide Inbox Notification\nAutotext aka Bom PING\nSave Timed Message Picture\nTab Layout Position\nBlock Read Status\nHide Fab New Chat\nNo Ads",
			"base": "v3.3.0.16",
			"modder": "Abiem Prasetya",
			"clone": "null",
			"unclone": "https://drive.google.com/uc?export=download&id=0BwcYlng030ANX2lXOEFiSXc0c0E",
			"img": "https://2.bp.blogspot.com/-a8pDw6cnRv0/WLZWPAQXqfI/AAAAAAAABh0/19KhivecZdYKOiKHMnVcu47PcfnefXu5ACLcB/s640/BUFFON.jpg"
		},
		{	
			"avatar": "http://bit.ly/ABIEMPP",
			"judul": "JUVE - NEDVED",
			"changelog": "Update Base v3.3.0.16",
			"fitur": "Full Display Picture (DP No Crop)\nFlexible Rounded DP\nHide Inbox Notification\nAutotext aka Bom PING\nSave Timed Message Picture\nTab Layout Position\nBlock Read Status\nHide Fab New Chat\nNo Ads",
			"base": "v3.3.0.16",
			"modder": "Abiem Prasetya",
			"clone": "null",
			"unclone": "https://drive.google.com/uc?export=download&id=0BwcYlng030ANVlJmaTZEdnQzUGc",
			"img": "https://2.bp.blogspot.com/-0OKk2uiLmRU/WLZVUuuGTpI/AAAAAAAABhs/F3FzkjGTGJ83AEQSy55Bqw5FsmdDTuSIACLcB/s640/NEDVED.jpg"
		},
		{	
			"avatar": "http://bit.ly/ABIEMPP",
			"judul": "JUVE - HIGUAIN",
			"changelog": "Update Base v3.3.0.16",
			"fitur": "Full Display Picture (DP No Crop)\nTab Layout Position\nBlock Read Status\nHide Fab New Chat\nNo Ads",
			"base": "v3.3.0.16",
			"modder": "Abiem Prasetya",
			"clone": "null",
			"unclone": "https://drive.google.com/uc?export=download&id=0BwcYlng030ANRTlsbl9lOWwxSjA",
			"img": "https://4.bp.blogspot.com/-zz3g7JFJe5c/WLZTxotnGmI/AAAAAAAABho/xpkk2qW4imcqmdkTt7Uz-G_zSfZP-IHMwCLcB/s640/HGN_JUVE3.jpg"
		},
		{	
			"avatar": "http://bit.ly/2mPHbzc",
			"judul": "KRYPTONIGHT",
			"changelog": "Update Base v3.3.0.16",
			"fitur": "Full Display Picture (DP No Crop)\nTab Layout Position\nBlock Read Status\nHide Fab New Chat\nNo Ads",
			"base": "v3.3.0.16",
			"modder": "Ryan Chou",
			"clone": "null",
			"unclone": "https://drive.google.com/uc?export=download&id=0B-gat4kyD-89Y1oyLXk5TkJjRUE",
			"img": "https://2.bp.blogspot.com/-fHL2j_yV1j4/WLV8caR2miI/AAAAAAAABhM/KK_K8ZegySgPXuP_rgEQ7wLILMO8sLYZwCLcB/s1600/KRYPTONIGHT.png"
		},
		{	
			"avatar": "http://bit.ly/MIFTAHPP",
			"judul": "DARK WOOD THEMES V2.1.0",
			"changelog": "Update Base v3.3.0.16",
			"fitur": "Full Display Picture (DP No Crop)\nFlexible Rounded DP\nHide Inbox Notification\nAutotext aka Bom PING\nSave Timed Message Picture\nTab Layout Position\nBlock Read Status\nHide Fab New Chat\nNo Ads",
			"base": "v3.3.0.16",
			"modder": "Mifta Hry",
			"clone": "null",
			"unclone": "https://drive.google.com/uc?export=download&id=0B5kCMxSCL86QeHVMWE9ZUDd2S0U",
			"img": "https://2.bp.blogspot.com/-qzY6iUai5t8/WLFjvOfG-cI/AAAAAAAABJk/mz9t3augnksU1c3CMTd9AcBdjKvk4I1iACLcB/s1600/16996430_1518280091516169_1585021844667702183_n.jpg"
		},
		{	
			"avatar": "http://bit.ly/FAHMIPP",
			"judul": "iMessenger v11.2.10MD",
			"changelog": "Update Base v3.3.0.16\nChange Conversation Backgroud Removed\nFix Bug and Performance",
			"fitur": "Auto Change Display Picture\nFull Display Picture (DP No Crop)\nAutotext aka Bom PING\nSave Timed Message Picture\nTab Layout Position\nBlock Read Status\nHide Fab New Chat\nNo Ads",
			"base": "v3.3.0.16",
			"modder": "Nami Abdi Fahmy",
			"clone": "null",
			"unclone": "https://drive.google.com/uc?export=download&id=0B7XvbXW56l4YSGxDT0pvTXhmNjQ",
			"img": "https://4.bp.blogspot.com/-zxVPqpLsukY/WKfnLi_2x8I/AAAAAAAAYJs/WA4OSEMgeTcjHcN8lWcLMLxtRoIV-niNACLcB/s1600/AFFIX_20170218_130642.png"
		},
		{
			"avatar": "http://bit.ly/2lhW3Kt",
			"judul": "TRANGGA MOD - AUTO CHANGE DP",
			"changelog": "Update Base v3.3.0.16",
			"fitur": "Auto Change Display Picture\nFull Display Picture (DP No Crop)\nAutotext aka Bom PING\nSave Timed Message Picture\nTab Layout Position\nBlock Read Status\nHide Fab New Chat\nNo Ads",
			"base": "v3.3.0.16",
			"modder": "Trangga Ken",
			"clone": "null",
			"unclone": "http://bbmodder.com/owncloud/index.php/s/Gy0T1SpyPix1nc4/download",
			"img": "https://1.bp.blogspot.com/-w0Pvn3wDGVk/WLUON1Uo_uI/AAAAAAAABgs/2fYDgc_MN5AlIIe_CzVr4BjlvyTc6vBDACLcB/s640/AUTO.jpg"
		},
		{
			"avatar": "http://bit.ly/2mPHbzc",
			"judul": "DARKOS",
			"changelog": "Update Base v3.3.0.16",
			"fitur": "Full Display Picture (DP No Crop)\nFlexible Rounded DP\nHide Inbox Notification\nAutotext aka Bom PING\nSave Timed Message Picture\nTab Layout Position\nBlock Read Status\nHide Fab New Chat\nNo Ads",
			"base": "v3.3.0.16",
			"modder": "Ryan Chou",
			"clone": "null",
			"unclone": "https://drive.google.com/uc?export=download&id=0B5kVVT1bqYHmWE5sNDd5QnRSYWc",
			"img": "https://4.bp.blogspot.com/-eUoJmeJihDg/WLUGJPR0wgI/AAAAAAAABgI/09rgL1s71k8fzWRYVpf3nl9YMQDl7sERwCLcB/s640/DARKOS.jpg"
		},
		{
			"avatar": "http://bit.ly/RICHIEPP",
			"judul": "TWITTER",
			"changelog": "Update Base v3.3.0.16",
			"fitur": "Full Display Picture (DP No Crop)\nFlexible Rounded DP\nHide Inbox Notification\nAutotext aka Bom PING\nSave Timed Message Picture\nTab Layout Position\nBlock Read Status\nHide Fab New Chat\nNo Ads",
			"base": "v3.3.0.16",
			"modder": "Richie Evan II",
			"clone": "null",
			"unclone": "https://drive.google.com/uc?export=download&id=0B_GD8xnwy3wTeGxsN0VaNjFwODA",
			"img": "https://2.bp.blogspot.com/-4TO5dUAizPw/WLUDyLZ9S4I/AAAAAAAABfw/oopUV-_oCTcn2Rh6C4nMdbgjIewCkUYdwCLcB/s640/TWITTER.jpg"
		},
		{
			"avatar": "http://bit.ly/AAHPP",
			"judul": "BLACK",
			"changelog": "Contact Grid Only\nBlack Settings\nChange any colour , icon , notification\nFix bugs",
			"fitur": "Full Display Picture (DP No Crop)\nFlexible Rounded DP\nHide Inbox Notification\nAutotext aka Bom PING\nSave Timed Message Picture\nTab Layout Position\nBlock Read Status\nHide Fab New Chat\nNo Ads",
			"base": "v3.3.0.16",
			"modder": "Andi Abdi Hadi",
			"clone": "http://www112.zippyshare.com/v/rCec63Rn/file.html",
			"unclone": "http://www83.zippyshare.com/v/OcOXgcKz/file.html",
			"img": "https://4.bp.blogspot.com/-UNxQe_MISxo/WLUCq_HB-VI/AAAAAAAABfo/HErFJnL-fhESGBcGY5jJ4QxqS2ayYP3wgCLcB/s640/BLACK.jpg"
		},
		{
			"avatar": "http://bit.ly/ABDULR",
			"judul": "AR-v6",
			"changelog": "Add New Nav Icon ( NAF-Chat , Delight , Twitter and BBM v8 )\nAdd New Notification Icon ( Ar , Imo , Instagram and Twitter )\nAdd New 6 Style Profile View\nChange BBM Input Panel",
			"fitur": "Change Primary and Accent Color\nColoring Tab Layout, BBM Input Panel, Input Background\nChange Bubble Chat\nFull Display Picture (DP No Crop)\nFlexible Rounded DP\nHide Inbox Notification\nAutotext aka Bom PING\nSave Timed Message Picture\nTab Layout Position\nBlock Read Status\nHide Fab New Chat\nNo Ads",
			"base": "v3.3.0.16",
			"modder": "Abdul Rahman",
			"clone": "null",
			"unclone": "https://drive.google.com/uc?export=download&id=0Bx2VS1miH6iRY3huSFo0cGxTX2M",
			"img": "https://1.bp.blogspot.com/-iZqivCkr90I/WK0WXYIdKWI/AAAAAAAABes/8g3NnB-mEzEAsMuCT4hVpuF2UYU9hfpWwCLcB/s1600/AR-BBM.jpg"
		},
		{
			"avatar": "http://bit.ly/AAHPP",
			"judul": "DARK NAVY",
			"changelog": "darkNAVY Settings",
			"fitur": "Full Display Picture (DP No Crop)\nFlexible Rounded DP\nHide Inbox Notification\nAutotext aka Bom PING\nSave Timed Message Picture\nTab Layout Position\nBlock Read Status\nHide Fab New Chat\nNo Ads",
			"base": "v3.3.0.16",
			"modder": "Andi Abdi Hadi",
			"clone": "null",
			"unclone": "http://www119.zippyshare.com/d/1NWGCotJ/476085/darkNAVY%203.3.0.16%20UNCLONE%2022022017.apk",
			"img": "https://3.bp.blogspot.com/-bbuKTtnh7qQ/WK0UyvICNoI/AAAAAAAABeg/7OkIP4bSuXoqRsnXRNpLmNGxl6nnDZi6ACEw/s640/DARK%2BNAVY.jpg"
		},
		{
			"avatar": "http://bit.ly/AZHARR",
			"judul": "MI-TEAL",
			"changelog": "On/Off Big DP on Drawer\nNew Profile UI\nNew Drawer UI\nChange Avatar Style\nChange List & Grid Animation\nRunning PM\nNew Ticks Icon",
			"fitur": "Full Display Picture (DP No Crop)\nFlexible Rounded DP\nHide Inbox Notification\nAutotext aka Bom PING\nSave Timed Message Picture\nTab Layout Position\nBlock Read Status\nHide Fab New Chat\nNo Ads",
			"base": "v3.3.0.16",
			"modder": "Azhar Rivaldi",
			"clone": "null",
			"unclone": "https://drive.google.com/uc?export=download&id=0B9gWXjy6JYVoX3ZqRGRXRVI5VEk",
			"img": "https://2.bp.blogspot.com/-XOcWbz0rURY/WLJnmDfaYGI/AAAAAAAAAYc/1ubxoqa9J-UoRSZbhL-9ybiiWiEDlhVhQCLcB/s1600/HiShoot_20170226_121107.png"
		},
		{
			"avatar": "http://bit.ly/AZHARR",
			"judul": "MI-CLOUD",
			"changelog": "Update Base v3.3.0.16",
			"fitur": "Full Display Picture (DP No Crop)\nFlexible Rounded DP\nHide Inbox Notification\nAutotext aka Bom PING\nSave Timed Message Picture\nTab Layout Position\nBlock Read Status\nHide Fab New Chat\nNo Ads",
			"base": "v3.3.0.16",
			"modder": "Azhar Rivaldi",
			"clone": "null",
			"unclone": "https://drive.google.com/uc?export=download&id=0B9gWXjy6JYVocWg1UjNJZURpNG8",
			"img": "https://1.bp.blogspot.com/-2O6DyEnZ9yE/WK0Xy-uSDuI/AAAAAAAABfA/sfC_3n77qVMLfEho7K1lknppI-rdwgCMgCLcB/s640/MI-CLOUD.jpg"
		},
		{
			"avatar": "https://goo.gl/46bZWw",
			"judul": "D-BASE 0.0.316",
			"changelog": "Update Base v3.3.0.16",
			"fitur": "Full Display Picture (DP No Crop)\nFlexible Rounded DP\nHide Inbox Notification\nAutotext aka Bom PING\nSave Timed Message Picture\nTab Layout Position\nBlock Read Status\nHide Fab New Chat\nNo Ads",
			"base": "v3.3.0.16",
			"modder": "DELTALABS",
			"clone": "null",
			"unclone": "http://bit.ly/D-BASE-00316",
			"img": "https://4.bp.blogspot.com/-B57dOj0T8cg/WKSJOUkkKzI/AAAAAAAABeA/bgIuHEZ9kMsdhEWBuUZWuXDLN9l4yqE0wCLcB/s640/D-BASE.png"
		},
		{
			"avatar": "https://goo.gl/46bZWw",
			"judul": "DELIGHT v1.0.0",
			"changelog": "Update Base v3.2.5.12\nUnlimited Color Theme\nLock Mode [Removed]",
			"fitur": "Auto Text aka BOM PING!!!\nFull Display Pictures\nBlock Read Status\nShow Hide Floating Action Button\nTop / Bottom Tab Layout\nSave Timed Message Picture\nHide Inbox Notification\nSet App Name, Connected, PING, No Service Text",
			"base": "v3.2.5.12",
			"modder": "DELTALABS",
			"clone": "https://drive.google.com/uc?export=download&id=0B5kVVT1bqYHmRHNNNFFYdF9vSms",
			"unclone": "https://drive.google.com/uc?export=download&id=0B5kVVT1bqYHmWXMxSl94OUtfX3c",
			"img": "https://2.bp.blogspot.com/-Sjs99kFlbDM/WIW68P-geLI/AAAAAAAABvg/BgHrRY7uivAdYjwhszm_w1VZ_VLufKgdwCLcB/s640/DELIGHT%2Bv1.0.0.png"
		},
		{
			"avatar": "https://goo.gl/46bZWw",
			"judul": "DELTA v4.1.0a",
			"changelog": "Fix Private Conversation",
			"fitur": "All Premium Features Available",
			"base": "v3.2.5.12",
			"modder": "DELTALABS",
			"clone": "https://drive.google.com/uc?export=download&id=0B5kVVT1bqYHmRWtIaGJRbkk2M1E",
			"unclone": "https://bitbucket.org/tjatoer/bbm/raw/ab842a522bcc0e77a88a580a34f845308b847686/UNCLONE_DELTA_v4.1.0a.apk",
			"img": "https://2.bp.blogspot.com/-40K0bVAOEZY/WIDTqUoSjXI/AAAAAAAABtY/jG-IE70U8VI7cVDdN6AgTvNYt7XregrQgCLcB/s640/DELTA%2BBBM%2Bv4.1.0a.png"
		},
		{
			"avatar": "https://goo.gl/46bZWw",
			"judul": "DELTA v4.1.0",
			"changelog": "Update Base v3.2.5.12\nTop/Bottom AutoText aka Bom PING!!!",
			"fitur": "All Premium Features Available",
			"base": "v3.2.5.12",
			"modder": "DELTALABS",
			"clone": "https://drive.google.com/uc?export=download&id=0B5kVVT1bqYHmcFhha3NCVUlQSm8",
			"unclone": "https://drive.google.com/uc?export=download&id=0B5kVVT1bqYHmLUg4MjA3VkxEVEk",
			"img": "https://4.bp.blogspot.com/-ihxmsSo1pLQ/WHsUPkhgeLI/AAAAAAAABtA/Z08j1_NVAGwhZNiQUg29YT1GzqWwS3dqwCLcB/s640/DELTA%2BBBM%2Bv4.1.0.jpg"
		}
	]
}
