{
	"data": [
		{
			"url":"https://raw.githubusercontent.com/DeltalabsStudio/api/master/flatlogomaker/001.png"
		},
		{
			"url":"https://raw.githubusercontent.com/DeltalabsStudio/api/master/flatlogomaker/002.png"
		},
		{
			"url":"https://raw.githubusercontent.com/DeltalabsStudio/api/master/flatlogomaker/003.png"
		},
		{
			"url":"https://raw.githubusercontent.com/DeltalabsStudio/api/master/flatlogomaker/004.png"
		},
		{
			"url":"https://raw.githubusercontent.com/DeltalabsStudio/api/master/flatlogomaker/005.png"
		},
		{
			"url":"https://raw.githubusercontent.com/DeltalabsStudio/api/master/flatlogomaker/006.png"
		},
		{
			"url":"https://raw.githubusercontent.com/DeltalabsStudio/api/master/flatlogomaker/007.png"
		},
		{
			"url":"https://raw.githubusercontent.com/DeltalabsStudio/api/master/flatlogomaker/008.png"
		},
		{
			"url":"https://raw.githubusercontent.com/DeltalabsStudio/api/master/flatlogomaker/009.png"
		},
		{
			"url":"https://raw.githubusercontent.com/DeltalabsStudio/api/master/flatlogomaker/010.png"
		},
		{
			"url":"https://raw.githubusercontent.com/DeltalabsStudio/api/master/flatlogomaker/011.png"
		},
		{
			"url":"https://raw.githubusercontent.com/DeltalabsStudio/api/master/flatlogomaker/012.png"
		},
		{
			"url":"https://raw.githubusercontent.com/DeltalabsStudio/api/master/flatlogomaker/013.png"
		},
		{
			"url":"https://raw.githubusercontent.com/DeltalabsStudio/api/master/flatlogomaker/014.png"
		},
		{
			"url":"https://raw.githubusercontent.com/DeltalabsStudio/api/master/flatlogomaker/015.png"
		},
		{
			"url":"https://raw.githubusercontent.com/DeltalabsStudio/api/master/flatlogomaker/016.png"
		},
		{
			"url":"https://raw.githubusercontent.com/DeltalabsStudio/api/master/flatlogomaker/017.png"
		},
		{
			"url":"https://raw.githubusercontent.com/DeltalabsStudio/api/master/flatlogomaker/018.png"
		},
		{
			"url":"https://raw.githubusercontent.com/DeltalabsStudio/api/master/flatlogomaker/019.png"
		},
		{
			"url":"https://raw.githubusercontent.com/DeltalabsStudio/api/master/flatlogomaker/020.png"
		},
		{
			"url":"https://raw.githubusercontent.com/DeltalabsStudio/api/master/flatlogomaker/021.png"
		},
		{
			"url":"https://raw.githubusercontent.com/DeltalabsStudio/api/master/flatlogomaker/022.png"
		},
		{
			"url":"https://raw.githubusercontent.com/DeltalabsStudio/api/master/flatlogomaker/023.png"
		},
		{
			"url":"https://raw.githubusercontent.com/DeltalabsStudio/api/master/flatlogomaker/024.png"
		},
		{
			"url":"https://raw.githubusercontent.com/DeltalabsStudio/api/master/flatlogomaker/025.png"
		},
		{
			"url":"https://raw.githubusercontent.com/DeltalabsStudio/api/master/flatlogomaker/026.png"
		},
		{
			"url":"https://raw.githubusercontent.com/DeltalabsStudio/api/master/flatlogomaker/027.png"
		},
		{
			"url":"https://raw.githubusercontent.com/DeltalabsStudio/api/master/flatlogomaker/028.png"
		},
		{
			"url":"https://raw.githubusercontent.com/DeltalabsStudio/api/master/flatlogomaker/029.png"
		},
		{
			"url":"https://raw.githubusercontent.com/DeltalabsStudio/api/master/flatlogomaker/030.png"
		},
		{
			"url":"https://raw.githubusercontent.com/DeltalabsStudio/api/master/flatlogomaker/031.png"
		},
		{
			"url":"https://raw.githubusercontent.com/DeltalabsStudio/api/master/flatlogomaker/032.png"
		},
		{
			"url":"https://raw.githubusercontent.com/DeltalabsStudio/api/master/flatlogomaker/033.png"
		},
		{
			"url":"https://raw.githubusercontent.com/DeltalabsStudio/api/master/flatlogomaker/034.png"
		},
		{
			"url":"https://raw.githubusercontent.com/DeltalabsStudio/api/master/flatlogomaker/035.png"
		},
		{
			"url":"https://raw.githubusercontent.com/DeltalabsStudio/api/master/flatlogomaker/036.png"
		},
		{
			"url":"https://raw.githubusercontent.com/DeltalabsStudio/api/master/flatlogomaker/037.png"
		},
		{
			"url":"https://raw.githubusercontent.com/DeltalabsStudio/api/master/flatlogomaker/038.png"
		},
		{
			"url":"https://raw.githubusercontent.com/DeltalabsStudio/api/master/flatlogomaker/039.png"
		},
		{
			"url":"https://raw.githubusercontent.com/DeltalabsStudio/api/master/flatlogomaker/040.png"
		},
		{
			"url":"https://raw.githubusercontent.com/DeltalabsStudio/api/master/flatlogomaker/041.png"
		},
		{
			"url":"https://raw.githubusercontent.com/DeltalabsStudio/api/master/flatlogomaker/042.png"
		},
		{
			"url":"https://raw.githubusercontent.com/DeltalabsStudio/api/master/flatlogomaker/043.png"
		},
		{
			"url":"https://raw.githubusercontent.com/DeltalabsStudio/api/master/flatlogomaker/044.png"
		},
		{
			"url":"https://raw.githubusercontent.com/DeltalabsStudio/api/master/flatlogomaker/045.png"
		},
		{
			"url":"https://raw.githubusercontent.com/DeltalabsStudio/api/master/flatlogomaker/046.png"
		},
		{
			"url":"https://raw.githubusercontent.com/DeltalabsStudio/api/master/flatlogomaker/047.png"
		},
		{
			"url":"https://raw.githubusercontent.com/DeltalabsStudio/api/master/flatlogomaker/048.png"
		},
		{
			"url":"https://raw.githubusercontent.com/DeltalabsStudio/api/master/flatlogomaker/049.png"
		}
	]
}
