{
	"page": [
		{
			"judul": "Gambar Dakwah",
			"link":"www.facebook.com/gbrdakwah",
			"avatar": "https://scontent.fcgk6-1.fna.fbcdn.net/v/t1.0-9/20664646_122782601683143_7398246076071165696_n.png?_nc_cat=0&oh=b59ad0242c180ad9accf2f161c8dc2ae&oe=5B590157",
			"id": "122291368398933"
		},
		{
			"judul": "Islam Pos",
			"link":"",
			"avatar": "https://scontent.fcgk6-1.fna.fbcdn.net/v/t1.0-9/12670337_472222526281485_5955438168270059644_n.jpg?_nc_cat=0&oh=a0edf76eeb58dcb9dddddb072303690a&oe=5B53E8E9",
			"id": "472265376277200"
		},
		{
			"judul": "Tentang Islam",
			"link":"",
			"avatar": "https://scontent.fcgk6-1.fna.fbcdn.net/v/t1.0-9/12118681_1700133633553135_2326082854684698490_n.jpg?_nc_cat=0&oh=3fcd7d5f46bda75d91e18e8e0d2ed403&oe=5B581C27",
			"id": "1700260430207122"
		},
		{
			"judul": "Poster Dakwah",
			"link":"",
			"avatar": "https://scontent.fcgk6-1.fna.fbcdn.net/v/t1.0-9/23844636_1624557484269860_6871472513369552451_n.jpg?_nc_cat=0&oh=2d13f46ab0b797adcd00c140edc126c2&oe=5B538619",
			"id": "1000826086643006"
		},
		{
			"judul": "Poster Dakwah Islam",
			"link":"",
			"avatar": "https://scontent.fcgk6-1.fna.fbcdn.net/v/t1.0-9/12670530_583182665174290_3773139817484104336_n.jpg?_nc_cat=0&oh=fe20cd6f887203b8627d81ab569be8dc&oe=5B892969",
			"id": "330218240470735"
		},
		{
			"judul": "Dakwah Islam",
			"link":"",
			"avatar": "https://scontent.fcgk6-1.fna.fbcdn.net/v/t1.0-9/12705758_847426172051229_3267373345795213699_n.png?_nc_cat=0&oh=e5c088b3d429125ab10864d922e403d6&oe=5B505457",
			"id": "234417420018777"
		},
		{
			"judul": "Dakwah Jomblo",
			"link":"",
			"avatar": "https://scontent.fcgk6-1.fna.fbcdn.net/v/t1.0-9/12301675_573185656168872_7410347065700978072_n.jpg?_nc_cat=0&_nc_eui2=v1%3AAeGq2qATBAmpGrpl3o59QgbFQhyn9j7NI23-L29TtmimAyF6aFgDuzr0yoE-xQpjNvWxxPmXBZ5734dp7qfk1QFebiNhJwWfQ8t5YK_7M5ma8Q&oh=3248f90f203eb80500ca17fe9a7260e5&oe=5B92B064",
			"id": "514624838691621"
		},
		{
			"judul": "The Muslim Show Indonesia",
			"link":"",
			"avatar": "https://scontent.fcgk6-1.fna.fbcdn.net/v/t1.0-9/13312794_1105039912892224_1198997558956098182_n.png?_nc_cat=0&_nc_eui2=v1%3AAeGKCzuzDspPA7mzBlT-RkhDJEm4FxMHcFDB-tki5fAJbUa-NzmKBDBmPDKnpSQL1hAr22p0Ikw0gt3IMHPIhC3iLrfvS8qumBZ4TnjM9VFv_w&oh=1b0054b002ce213b21bcfa31a66d1671&oe=5B8E9917",
			"id": "606380496091504"
		},
		{
			"judul": "The Muslim Show",
			"link":"",
			"avatar": "https://scontent.fcgk6-1.fna.fbcdn.net/v/t1.0-9/10696332_634070520048359_7063980543221444475_n.jpg?_nc_cat=0&_nc_eui2=v1%3AAeGabNAiGzRckvlXXaSe5glwkmhRvB_F5GnUeGnQ-qYo8NXEPVk5r0CnwrblwbG5TKUZB7BljVR3qe0Ww2vgW2CmyD1TmKPxQlPqPp6iLpHF3A&oh=82e7be15873b6500e59e51e929ebb474&oe=5B992FF7",
			"id": "235733069882108"
		}
	]
}
